VariableCode,RegionCode,YearCode,AggValue
rgdpe,ABW,1970,400.08172607421900000
pop,ABW,1970,0.05906300000000000
rgdpe,ABW,1980,955.63214111328100000
pop,ABW,1980,0.06009600000000000
rgdpe,ABW,1990,2575.25561523438000000
pop,ABW,1990,0.06214900000000000
rgdpe,ABW,2000,4031.13427734375000000
pop,ABW,2000,0.09085300000000000
rgdpe,ABW,2010,4012.71166992188000000
pop,ABW,2010,0.10166900000000000
rgdpe,ABW,2017,3979.91040039063000000
pop,ABW,2017,0.10536600000000000
rgdpe,AGO,1970,28969.10937500000000000
pop,AGO,1970,5.89036500000000000
rgdpe,AGO,1980,30380.06640625000000000
pop,AGO,1980,8.34128900000000000
rgdpe,AGO,1990,36310.55468750000000000
pop,AGO,1990,11.84838600000000000
rgdpe,AGO,2000,40896.87890625000000000
pop,AGO,2000,16.39547300000000000
rgdpe,AGO,2010,140742.28125000000000000
pop,AGO,2010,23.35624600000000000
rgdpe,AGO,2017,223326.73437500000000000
pop,AGO,2017,29.81676600000000000
rgdpe,AIA,1970,61.81900405883790000
pop,AIA,1970,0.00677100000000000
rgdpe,AIA,1980,90.26071166992190000
pop,AIA,1980,0.00728500000000000
rgdpe,AIA,1990,206.07293701171900000
pop,AIA,1990,0.00889900000000000
rgdpe,AIA,2000,301.92532348632800000
pop,AIA,2000,0.01125200000000000
rgdpe,AIA,2010,408.89151000976600000
pop,AIA,2010,0.01343800000000000
rgdpe,AIA,2017,340.55114746093800000
pop,AIA,2017,0.01458400000000000
rgdpe,ALB,1970,6681.82861328125000000
pop,ALB,1970,2.15070700000000000
rgdpe,ALB,1980,9974.77441406250000000
pop,ALB,1980,2.68269000000000000
rgdpe,ALB,1990,12005.75683593750000000
pop,ALB,1990,3.28607300000000000
rgdpe,ALB,2000,15180.88085937500000000
pop,ALB,2000,3.12924300000000000
rgdpe,ALB,2010,29490.84570312500000000
pop,ALB,2010,2.94802300000000000
rgdpe,ALB,2017,33842.15625000000000000
pop,ALB,2017,2.88416900000000000
rgdpe,ARE,1970,66494.37500000000000000
pop,ARE,1970,0.23451400000000000
rgdpe,ARE,1980,248221.70312500000000000
pop,ARE,1980,1.01950900000000000
rgdpe,ARE,1990,226935.60937500000000000
pop,ARE,1990,1.82843200000000000
rgdpe,ARE,2000,342881.00000000000000000
pop,ARE,2000,3.13406200000000000
rgdpe,ARE,2010,565722.18750000000000000
pop,ARE,2010,8.54998800000000000
rgdpe,ARE,2017,647360.50000000000000000
pop,ARE,2017,9.48720300000000000
rgdpe,ARG,1950,50303.95312500000000000
pop,ARG,1950,17.09182388785010000
rgdpe,ARG,1960,66827.48437500000000000
pop,ARG,1960,20.54567357217460000
rgdpe,ARG,1970,96633.68750000000000000
pop,ARG,1970,23.88056100000000000
rgdpe,ARG,1980,130205.01562500000000000
pop,ARG,1980,27.89652800000000000
rgdpe,ARG,1990,196718.68750000000000000
pop,ARG,1990,32.61865100000000000
rgdpe,ARG,2000,528719.31250000000000000
pop,ARG,2000,36.87078700000000000
rgdpe,ARG,2010,787148.62500000000000000
pop,ARG,2010,40.89575200000000000
rgdpe,ARG,2017,1026128.12500000000000000
pop,ARG,2017,43.93714000000000000
rgdpe,ARM,1990,23707.37304687500000000
pop,ARM,1990,3.53817100000000000
rgdpe,ARM,2000,10087.34179687500000000
pop,ARM,2000,3.06959100000000000
rgdpe,ARM,2010,23668.73632812500000000
pop,ARM,2010,2.87731900000000000
rgdpe,ARM,2017,36337.19921875000000000
pop,ARM,2017,2.94479100000000000
rgdpe,ATG,1970,306.77230834960900000
pop,ATG,1970,0.06417700000000000
rgdpe,ATG,1980,440.15182495117200000
pop,ATG,1980,0.06186500000000000
rgdpe,ATG,1990,845.25756835937500000
pop,ATG,1990,0.06252800000000000
rgdpe,ATG,2000,1268.59997558594000000
pop,ATG,2000,0.07601600000000000
rgdpe,ATG,2010,1848.08544921875000000
pop,ATG,2010,0.08802800000000000
rgdpe,ATG,2017,1817.42102050781000000
pop,ATG,2017,0.09542600000000000
rgdpe,AUS,1950,122176.42187500000000000
pop,AUS,1950,8.35410617339282000
rgdpe,AUS,1960,161635.51562500000000000
pop,AUS,1960,10.47001891669600000
rgdpe,AUS,1970,269214.03125000000000000
pop,AUS,1970,12.79303400000000000
rgdpe,AUS,1980,349085.78125000000000000
pop,AUS,1980,14.58840500000000000
rgdpe,AUS,1990,491977.81250000000000000
pop,AUS,1990,16.96059700000000000
rgdpe,AUS,2000,729098.93750000000000000
pop,AUS,2000,18.99143100000000000
rgdpe,AUS,2010,1038249.75000000000000000
pop,AUS,2010,22.15467900000000000
rgdpe,AUS,2017,1240334.37500000000000000
pop,AUS,2017,24.58462000000000000
rgdpe,AUT,1950,40357.28906250000000000
pop,AUT,1950,6.98075136783072000
rgdpe,AUT,1960,71715.84375000000000000
pop,AUT,1960,7.09382795538466000
rgdpe,AUT,1970,111881.24218750000000000
pop,AUT,1970,7.51623900000000000
rgdpe,AUT,1980,152980.46875000000000000
pop,AUT,1980,7.60975200000000000
rgdpe,AUT,1990,208007.23437500000000000
pop,AUT,1990,7.72394900000000000
rgdpe,AUT,2000,314579.68750000000000000
pop,AUT,2000,8.06927600000000000
rgdpe,AUT,2010,392208.28125000000000000
pop,AUT,2010,8.40994900000000000
rgdpe,AUT,2017,480926.90625000000000000
pop,AUT,2017,8.81990100000000000
rgdpe,AZE,1990,57294.92968750000000000
pop,AZE,1990,7.24276100000000000
rgdpe,AZE,2000,23163.61718750000000000
pop,AZE,2000,8.12274100000000000
rgdpe,AZE,2010,132335.04687500000000000
pop,AZE,2010,9.03246100000000000
rgdpe,AZE,2017,146868.15625000000000000
pop,AZE,2017,9.84532000000000000
rgdpe,BDI,1960,2000.56591796875000000
pop,BDI,1960,2.78115950496095000
rgdpe,BDI,1970,2837.25878906250000000
pop,BDI,1970,3.47907400000000000
rgdpe,BDI,1980,3710.95092773438000000
pop,BDI,1980,4.15729800000000000
rgdpe,BDI,1990,4961.14843750000000000
pop,BDI,1990,5.43895700000000000
rgdpe,BDI,2000,4336.04589843750000000
pop,BDI,2000,6.37887100000000000
rgdpe,BDI,2010,6156.70654296875000000
pop,BDI,2010,8.67560200000000000
rgdpe,BDI,2017,8500.01171875000000000
pop,BDI,2017,10.82701900000000000
rgdpe,BEL,1950,75285.92187500000000000
pop,BEL,1950,8.63433102251680000
rgdpe,BEL,1960,102919.17968750000000000
pop,BEL,1960,9.11338252048344000
rgdpe,BEL,1970,165948.40625000000000000
pop,BEL,1970,9.63218000000000000
rgdpe,BEL,1980,243294.28125000000000000
pop,BEL,1980,9.86899500000000000
rgdpe,BEL,1990,272013.56250000000000000
pop,BEL,1990,10.00654400000000000
rgdpe,BEL,2000,378521.62500000000000000
pop,BEL,2000,10.28203300000000000
rgdpe,BEL,2010,488960.96875000000000000
pop,BEL,2010,10.93873900000000000
rgdpe,BEL,2017,568297.12500000000000000
pop,BEL,2017,11.41974800000000000
rgdpe,BEN,1960,3884.60498046875000000
pop,BEN,1960,2.28455613775775000
rgdpe,BEN,1970,5971.80908203125000000
pop,BEN,1970,2.91234000000000000
rgdpe,BEN,1980,7374.34863281250000000
pop,BEN,1980,3.71716500000000000
rgdpe,BEN,1990,6388.10839843750000000
pop,BEN,1990,4.97849600000000000
rgdpe,BEN,2000,10898.74804687500000000
pop,BEN,2000,6.86595100000000000
rgdpe,BEN,2010,17586.01367187500000000
pop,BEN,2010,9.19925900000000000
rgdpe,BEN,2017,32311.00000000000000000
pop,BEN,2017,11.17519800000000000
rgdpe,BFA,1960,4647.13769531250000000
pop,BFA,1960,5.16012561594278000
rgdpe,BFA,1970,5486.65087890625000000
pop,BFA,1970,5.62460000000000000
rgdpe,BFA,1980,7773.03369140625000000
pop,BFA,1980,6.82284300000000000
rgdpe,BFA,1990,9579.77636718750000000
pop,BFA,1990,8.81103400000000000
rgdpe,BFA,2000,15160.37402343750000000
pop,BFA,2000,11.60794200000000000
rgdpe,BFA,2010,24981.12695312500000000
pop,BFA,2010,15.60521700000000000
rgdpe,BFA,2017,37078.61718750000000000
pop,BFA,2017,19.19323400000000000
rgdpe,BGD,1960,83272.47656250000000000
pop,BGD,1960,52.08006938720480000
rgdpe,BGD,1970,106058.42187500000000000
pop,BGD,1970,64.23248200000000000
rgdpe,BGD,1980,102615.72656250000000000
pop,BGD,1980,79.63949100000000000
rgdpe,BGD,1990,152607.46875000000000000
pop,BGD,1990,103.17195600000000000
rgdpe,BGD,2000,191012.18750000000000000
pop,BGD,2000,127.65785400000000000
rgdpe,BGD,2010,372817.06250000000000000
pop,BGD,2010,147.57543000000000000
rgdpe,BGD,2017,654304.75000000000000000
pop,BGD,2017,159.68542400000000000
rgdpe,BGR,1970,38298.23437500000000000
pop,BGR,1970,8.50755100000000000
rgdpe,BGR,1980,73478.47656250000000000
pop,BGR,1980,8.87879100000000000
rgdpe,BGR,1990,104736.34375000000000000
pop,BGR,1990,8.84145800000000000
rgdpe,BGR,2000,73997.11718750000000000
pop,BGR,2000,7.99795700000000000
rgdpe,BGR,2010,123580.53906250000000000
pop,BGR,2010,7.42500800000000000
rgdpe,BGR,2017,146484.23437500000000000
pop,BGR,2017,7.10244400000000000
rgdpe,BHR,1970,3449.69628906250000000
pop,BHR,1970,0.21260500000000000
rgdpe,BHR,1980,8717.51660156250000000
pop,BHR,1980,0.35988800000000000
rgdpe,BHR,1990,8248.12011718750000000
pop,BHR,1990,0.49593100000000000
rgdpe,BHR,2000,17491.07226562500000000
pop,BHR,2000,0.66461100000000000
rgdpe,BHR,2010,60687.08593750000000000
pop,BHR,2010,1.24086000000000000
rgdpe,BHR,2017,71572.74218750000000000
pop,BHR,2017,1.49407600000000000
rgdpe,BHS,1970,3239.37158203125000000
pop,BHS,1970,0.16937700000000000
rgdpe,BHS,1980,5420.13085937500000000
pop,BHS,1980,0.21059100000000000
rgdpe,BHS,1990,7824.52148437500000000
pop,BHS,1990,0.25622300000000000
rgdpe,BHS,2000,11541.77343750000000000
pop,BHS,2000,0.29805100000000000
rgdpe,BHS,2010,12138.60253906250000000
pop,BHS,2010,0.35494200000000000
rgdpe,BHS,2017,13611.92675781250000000
pop,BHS,2017,0.38175500000000000
rgdpe,BIH,1990,6946.33007812500000000
pop,BIH,1990,4.46342300000000000
rgdpe,BIH,2000,21482.59570312500000000
pop,BIH,2000,3.75117600000000000
rgdpe,BIH,2010,37415.48437500000000000
pop,BIH,2010,3.70547200000000000
rgdpe,BIH,2017,43395.17187500000000000
pop,BIH,2017,3.35152500000000000
rgdpe,BLR,1990,151189.70312500000000000
pop,BLR,1990,10.15113400000000000
rgdpe,BLR,2000,89177.16406250000000000
pop,BLR,2000,9.87163200000000000
rgdpe,BLR,2010,166292.95312500000000000
pop,BLR,2010,9.42057400000000000
rgdpe,BLR,2017,187155.28125000000000000
pop,BLR,2017,9.45023100000000000
rgdpe,BLZ,1970,560.50531005859400000
pop,BLZ,1970,0.12218200000000000
rgdpe,BLZ,1980,843.82550048828100000
pop,BLZ,1980,0.14415500000000000
rgdpe,BLZ,1990,1360.08422851563000000
pop,BLZ,1990,0.18755200000000000
rgdpe,BLZ,2000,1745.81164550781000000
pop,BLZ,2000,0.24731500000000000
rgdpe,BLZ,2010,2494.94018554688000000
pop,BLZ,2010,0.32246400000000000
rgdpe,BLZ,2017,2662.61840820313000000
pop,BLZ,2017,0.37576900000000000
rgdpe,BMU,1970,1146.60180664063000000
pop,BMU,1970,0.05256500000000000
rgdpe,BMU,1980,1586.23693847656000000
pop,BMU,1980,0.05757300000000000
rgdpe,BMU,1990,1956.00305175781000000
pop,BMU,1990,0.06163400000000000
rgdpe,BMU,2000,2739.67822265625000000
pop,BMU,2000,0.06501200000000000
rgdpe,BMU,2010,5056.11718750000000000
pop,BMU,2010,0.06538900000000000
rgdpe,BMU,2017,5002.12158203125000000
pop,BMU,2017,0.06304900000000000
rgdpe,BOL,1950,5125.62353515625000000
pop,BOL,1950,2.85371787129378000
rgdpe,BOL,1960,5475.04736328125000000
pop,BOL,1960,3.54294159960547000
rgdpe,BOL,1970,8294.55664062500000000
pop,BOL,1970,4.48400400000000000
rgdpe,BOL,1980,12775.30273437500000000
pop,BOL,1980,5.57993500000000000
rgdpe,BOL,1990,16286.14355468750000000
pop,BOL,1990,6.86484200000000000
rgdpe,BOL,2000,27821.22851562500000000
pop,BOL,2000,8.41826400000000000
rgdpe,BOL,2010,54538.91796875000000000
pop,BOL,2010,10.04859000000000000
rgdpe,BOL,2017,92562.42187500000000000
pop,BOL,2017,11.19285500000000000
rgdpe,BRA,1950,91871.94531250000000000
pop,BRA,1950,53.12413239646340000
rgdpe,BRA,1960,173118.43750000000000000
pop,BRA,1960,71.26694424726020000
rgdpe,BRA,1970,363045.15625000000000000
pop,BRA,1970,95.11326500000000000
rgdpe,BRA,1980,720699.43750000000000000
pop,BRA,1980,120.69400900000000000
rgdpe,BRA,1990,947247.75000000000000000
pop,BRA,1990,149.00322300000000000
rgdpe,BRA,2000,1640023.87500000000000000
pop,BRA,2000,174.79034000000000000
rgdpe,BRA,2010,2917003.50000000000000000
pop,BRA,2010,195.71363500000000000
rgdpe,BRA,2017,2970570.75000000000000000
pop,BRA,2017,207.83382300000000000
rgdpe,BRB,1960,2155.04980468750000000
pop,BRB,1960,0.23247523101530600
rgdpe,BRB,1970,3608.21118164063000000
pop,BRB,1970,0.23889600000000000
rgdpe,BRB,1980,3500.83178710938000000
pop,BRB,1980,0.25239400000000000
rgdpe,BRB,1990,4099.85156250000000000
pop,BRB,1990,0.26093600000000000
rgdpe,BRB,2000,6460.97558593750000000
pop,BRB,2000,0.27151500000000000
rgdpe,BRB,2010,5363.69580078125000000
pop,BRB,2010,0.28213100000000000
rgdpe,BRB,2017,4775.56445312500000000
pop,BRB,2017,0.28623200000000000
rgdpe,BRN,1970,12965.43066406250000000
pop,BRN,1970,0.12952900000000000
rgdpe,BRN,1980,34338.03515625000000000
pop,BRN,1980,0.19387900000000000
rgdpe,BRN,1990,15308.87402343750000000
pop,BRN,1990,0.25872100000000000
rgdpe,BRN,2000,18982.29492187500000000
pop,BRN,2000,0.33316500000000000
rgdpe,BRN,2010,30170.42968750000000000
pop,BRN,2010,0.38864600000000000
rgdpe,BRN,2017,26993.11523437500000000
pop,BRN,2017,0.42447300000000000
rgdpe,BTN,1970,489.37158203125000000
pop,BTN,1970,0.29731600000000000
rgdpe,BTN,1980,715.04882812500000000
pop,BTN,1980,0.40687500000000000
rgdpe,BTN,1990,1478.15820312500000000
pop,BTN,1990,0.53080400000000000
rgdpe,BTN,2000,2625.35034179688000000
pop,BTN,2000,0.59102100000000000
rgdpe,BTN,2010,5388.11523437500000000
pop,BTN,2010,0.68550300000000000
rgdpe,BTN,2017,7871.88232421875000000
pop,BTN,2017,0.74556300000000000
rgdpe,BWA,1960,277.33236694335900000
pop,BWA,1960,0.53387577896135100
rgdpe,BWA,1970,602.61999511718800000
pop,BWA,1970,0.62771500000000000
rgdpe,BWA,1980,2451.93359375000000000
pop,BWA,1980,0.89786800000000000
rgdpe,BWA,1990,9494.90820312500000000
pop,BWA,1990,1.28675600000000000
rgdpe,BWA,2000,19439.57226562500000000
pop,BWA,2000,1.64333400000000000
rgdpe,BWA,2010,29094.20312500000000000
pop,BWA,2010,1.98710500000000000
rgdpe,BWA,2017,36955.80468750000000000
pop,BWA,2017,2.20508000000000000
rgdpe,CAF,1960,2140.36743164063000000
pop,CAF,1960,1.44502848508517000
rgdpe,CAF,1970,2778.33349609375000000
pop,CAF,1970,1.81114400000000000
rgdpe,CAF,1980,2494.21166992188000000
pop,CAF,1980,2.19935600000000000
rgdpe,CAF,1990,3352.39135742188000000
pop,CAF,1990,2.80673400000000000
rgdpe,CAF,2000,3787.62890625000000000
pop,CAF,2000,3.64042700000000000
rgdpe,CAF,2010,4817.97509765625000000
pop,CAF,2010,4.38676800000000000
rgdpe,CAF,2017,4198.60205078125000000
pop,CAF,2017,4.59602300000000000
rgdpe,CAN,1950,170756.31250000000000000
pop,CAN,1950,13.76942017264740000
rgdpe,CAN,1960,268921.78125000000000000
pop,CAN,1960,17.95126631987650000
rgdpe,CAN,1970,437890.15625000000000000
pop,CAN,1970,21.37432600000000000
rgdpe,CAN,1980,676189.87500000000000000
pop,CAN,1980,24.41688600000000000
rgdpe,CAN,1990,915724.68750000000000000
pop,CAN,1990,27.54131900000000000
rgdpe,CAN,2000,1276875.50000000000000000
pop,CAN,2000,30.58838300000000000
rgdpe,CAN,2010,1483011.50000000000000000
pop,CAN,2010,34.14756400000000000
rgdpe,CAN,2017,1771272.75000000000000000
pop,CAN,2017,36.73209500000000000
rgdpe,CHE,1950,72705.75000000000000000
pop,CHE,1950,4.60700445872875000
rgdpe,CHE,1960,118564.39062500000000000
pop,CHE,1960,5.26262443109821000
rgdpe,CHE,1970,192049.42187500000000000
pop,CHE,1970,6.15085200000000000
rgdpe,CHE,1980,219901.70312500000000000
pop,CHE,1980,6.28383200000000000
rgdpe,CHE,1990,283661.96875000000000000
pop,CHE,1990,6.65286800000000000
rgdpe,CHE,2000,345696.28125000000000000
pop,CHE,2000,7.14376100000000000
rgdpe,CHE,2010,473344.78125000000000000
pop,CHE,2010,7.80867500000000000
rgdpe,CHE,2017,592403.50000000000000000
pop,CHE,2017,8.45580400000000000
rgdpe,CHL,1960,43303.43750000000000000
pop,CHL,1960,7.92101485306218000
rgdpe,CHL,1970,74236.41406250000000000
pop,CHL,1970,9.78313400000000000
rgdpe,CHL,1980,87200.96093750000000000
pop,CHL,1980,11.41934800000000000
rgdpe,CHL,1990,109067.28906250000000000
pop,CHL,1990,13.27462300000000000
rgdpe,CHL,2000,182717.67187500000000000
pop,CHL,2000,15.34235300000000000
rgdpe,CHL,2010,352789.59375000000000000
pop,CHL,2010,17.06253600000000000
rgdpe,CHL,2017,428811.65625000000000000
pop,CHL,2017,18.47043900000000000
rgdpe,CHN,1960,653809.87500000000000000
pop,CHN,1960,656.36935168172000000
rgdpe,CHN,1970,1076008.50000000000000000
pop,CHN,1970,827.60139400000000000
rgdpe,CHN,1980,1680611.62500000000000000
pop,CHN,1980,1000.08923500000000000
rgdpe,CHN,1990,2916157.25000000000000000
pop,CHN,1990,1176.88367400000000000
rgdpe,CHN,2000,5514430.00000000000000000
pop,CHN,2000,1290.55076500000000000
rgdpe,CHN,2010,13861263.00000000000000000
pop,CHN,2010,1368.81061500000000000
rgdpe,CHN,2017,19501140.00000000000000000
pop,CHN,2017,1421.02179100000000000
rgdpe,CIV,1960,6640.98486328125000000
pop,CIV,1960,3.27035820620511000
rgdpe,CIV,1970,15497.31835937500000000
pop,CIV,1970,5.10206400000000000
rgdpe,CIV,1980,21591.18164062500000000
pop,CIV,1980,8.03365000000000000
rgdpe,CIV,1990,30256.62890625000000000
pop,CIV,1990,11.92487700000000000
rgdpe,CIV,2000,39956.20703125000000000
pop,CIV,2000,16.45466800000000000
rgdpe,CIV,2010,59517.00781250000000000
pop,CIV,2010,20.53295000000000000
rgdpe,CIV,2017,113877.35937500000000000
pop,CIV,2017,24.43747000000000000
rgdpe,CMR,1960,8495.50878906250000000
pop,CMR,1960,5.43618698766072000
rgdpe,CMR,1970,11288.48046875000000000
pop,CMR,1970,6.51976200000000000
rgdpe,CMR,1980,21412.50781250000000000
pop,CMR,1980,8.62140600000000000
rgdpe,CMR,1990,30730.37304687500000000
pop,CMR,1990,11.78008800000000000
rgdpe,CMR,2000,42374.98046875000000000
pop,CMR,2000,15.51394500000000000
rgdpe,CMR,2010,59038.92968750000000000
pop,CMR,2010,20.34124100000000000
rgdpe,CMR,2017,85510.17968750000000000
pop,CMR,2017,24.56607300000000000
rgdpe,COD,1950,25957.34375000000000000
pop,COD,1950,12.46616547957110000
rgdpe,COD,1960,42627.94531250000000000
pop,COD,1960,15.26071507275640000
rgdpe,COD,1970,58993.56640625000000000
pop,COD,1970,20.01103600000000000
rgdpe,COD,1980,58491.29687500000000000
pop,COD,1980,26.35890800000000000
rgdpe,COD,1990,52290.13281250000000000
pop,COD,1990,34.61202300000000000
rgdpe,COD,2000,26065.49414062500000000
pop,COD,2000,47.10582600000000000
rgdpe,COD,2010,46459.37500000000000000
pop,COD,2010,64.56385400000000000
rgdpe,COD,2017,83190.10937500000000000
pop,COD,2017,81.39876400000000000
rgdpe,COG,1960,1107.07922363281000000
pop,COG,1960,1.04512283372863000
rgdpe,COG,1970,2001.58703613281000000
pop,COG,1970,1.32688500000000000
rgdpe,COG,1980,4206.21337890625000000
pop,COG,1980,1.77793400000000000
rgdpe,COG,1990,5861.41308593750000000
pop,COG,1990,2.35673700000000000
rgdpe,COG,2000,8267.04785156250000000
pop,COG,2000,3.12741100000000000
rgdpe,COG,2010,21556.44921875000000000
pop,COG,2010,4.27373100000000000
rgdpe,COG,2017,21788.55078125000000000
pop,COG,2017,5.11069500000000000
rgdpe,COL,1950,40330.34375000000000000
pop,COL,1950,11.61892313893300000
rgdpe,COL,1960,60174.77734375000000000
pop,COL,1960,15.99025077703910000
rgdpe,COL,1970,101762.36718750000000000
pop,COL,1970,21.48006500000000000
rgdpe,COL,1980,206952.79687500000000000
pop,COL,1980,26.90050600000000000
rgdpe,COL,1990,251152.87500000000000000
pop,COL,1990,33.10257500000000000
rgdpe,COL,2000,306348.75000000000000000
pop,COL,2000,39.62996800000000000
rgdpe,COL,2010,524873.75000000000000000
pop,COL,2010,45.22270000000000000
rgdpe,COL,2017,650044.00000000000000000
pop,COL,2017,48.90983900000000000
rgdpe,COM,1960,316.36184692382800000
pop,COM,1960,0.17810070197128200
rgdpe,COM,1970,656.52301025390600000
pop,COM,1970,0.23005400000000000
rgdpe,COM,1980,1046.57629394531000000
pop,COM,1980,0.30782900000000000
rgdpe,COM,1990,1545.77758789063000000
pop,COM,1990,0.41159400000000000
rgdpe,COM,2000,1535.41296386719000000
pop,COM,2000,0.54235700000000000
rgdpe,COM,2010,1705.03759765625000000
pop,COM,2010,0.68969200000000000
rgdpe,COM,2017,2503.08471679688000000
pop,COM,2017,0.81389200000000000
rgdpe,CPV,1960,217.69911193847700000
pop,CPV,1960,0.19659236899689100
rgdpe,CPV,1970,411.63998413085900000
pop,CPV,1970,0.26862700000000000
rgdpe,CPV,1980,447.52526855468800000
pop,CPV,1980,0.28384700000000000
rgdpe,CPV,1990,752.55810546875000000
pop,CPV,1990,0.33795000000000000
rgdpe,CPV,2000,1587.47399902344000000
pop,CPV,2000,0.42818800000000000
rgdpe,CPV,2010,3139.31591796875000000
pop,CPV,2010,0.49265400000000000
rgdpe,CPV,2017,3548.96948242188000000
pop,CPV,2017,0.53749800000000000
rgdpe,CRI,1950,3248.86718750000000000
pop,CRI,1950,0.92286724362841500
rgdpe,CRI,1960,6800.24804687500000000
pop,CRI,1960,1.32846888261801000
rgdpe,CRI,1970,11943.80371093750000000
pop,CRI,1970,1.84739400000000000
rgdpe,CRI,1980,20118.00000000000000000
pop,CRI,1980,2.38997700000000000
rgdpe,CRI,1990,24934.06640625000000000
pop,CRI,1990,3.11943300000000000
rgdpe,CRI,2000,41795.81250000000000000
pop,CRI,2000,3.96237200000000000
rgdpe,CRI,2010,64776.23437500000000000
pop,CRI,2010,4.57737800000000000
rgdpe,CRI,2017,93173.29687500000000000
pop,CRI,2017,4.94995400000000000
rgdpe,CUW,2010,4159.12597656250000000
pop,CUW,2010,0.14919200000000000
rgdpe,CUW,2017,3891.57910156250000000
pop,CUW,2017,0.16199700000000000
rgdpe,CYM,1970,317.38461303710900000
pop,CYM,1970,0.00914400000000000
rgdpe,CYM,1980,784.50634765625000000
pop,CYM,1980,0.01621200000000000
rgdpe,CYM,1990,1971.14648437500000000
pop,CYM,1990,0.02531200000000000
rgdpe,CYM,2000,3568.49633789063000000
pop,CYM,2000,0.04230300000000000
rgdpe,CYM,2010,3888.09619140625000000
pop,CYM,2010,0.05667200000000000
rgdpe,CYM,2017,4119.62500000000000000
pop,CYM,2017,0.06338200000000000
rgdpe,CYP,1950,1449.06079101563000000
pop,CYP,1950,0.49321067877441400
rgdpe,CYP,1960,2290.31396484375000000
pop,CYP,1960,0.57208447917847600
rgdpe,CYP,1970,4764.43652343750000000
pop,CYP,1970,0.61361800000000000
rgdpe,CYP,1980,6755.24853515625000000
pop,CYP,1980,0.50860000000000000
rgdpe,CYP,1990,12912.25781250000000000
pop,CYP,1990,0.57940000000000000
rgdpe,CYP,2000,19743.37500000000000000
pop,CYP,2000,0.69360000000000000
rgdpe,CYP,2010,31168.36914062500000000
pop,CYP,2010,0.82944600000000000
rgdpe,CYP,2017,32195.43750000000000000
pop,CYP,2017,0.85480200000000000
rgdpe,CZE,1990,251818.84375000000000000
pop,CZE,1990,10.34087500000000000
rgdpe,CZE,2000,228818.50000000000000000
pop,CZE,2000,10.28937300000000000
rgdpe,CZE,2010,330243.21875000000000000
pop,CZE,2010,10.53651800000000000
rgdpe,CZE,2017,412431.06250000000000000
pop,CZE,2017,10.64103400000000000
rgdpe,DEU,1950,352269.15625000000000000
pop,DEU,1950,68.73409731172200000
rgdpe,DEU,1960,815103.00000000000000000
pop,DEU,1960,73.19634514673330000
rgdpe,DEU,1970,1271643.25000000000000000
pop,DEU,1970,78.57838500000000000
rgdpe,DEU,1980,1736296.87500000000000000
pop,DEU,1980,78.28310000000000000
rgdpe,DEU,1990,2204488.50000000000000000
pop,DEU,1990,79.05398400000000000
rgdpe,DEU,2000,3030253.00000000000000000
pop,DEU,2000,81.40088200000000000
rgdpe,DEU,2010,3531823.75000000000000000
pop,DEU,2010,80.82700200000000000
rgdpe,DEU,2017,4237502.50000000000000000
pop,DEU,2017,82.65840900000000000
rgdpe,DJI,1970,1181.09106445313000000
pop,DJI,1970,0.15965900000000000
rgdpe,DJI,1980,1397.97351074219000000
pop,DJI,1980,0.35896000000000000
rgdpe,DJI,1990,1402.55310058594000000
pop,DJI,1990,0.59039800000000000
rgdpe,DJI,2000,1789.04760742188000000
pop,DJI,2000,0.71758400000000000
rgdpe,DJI,2010,2345.06835937500000000
pop,DJI,2010,0.84019800000000000
rgdpe,DJI,2017,4561.28564453125000000
pop,DJI,2017,0.94409900000000000
rgdpe,DMA,1970,266.91323852539100000
pop,DMA,1970,0.07107300000000000
rgdpe,DMA,1980,358.31634521484400000
pop,DMA,1980,0.07531400000000000
rgdpe,DMA,1990,575.30334472656300000
pop,DMA,1990,0.07041900000000000
rgdpe,DMA,2000,617.65136718750000000
pop,DMA,2000,0.06965000000000000
rgdpe,DMA,2010,761.14251708984400000
pop,DMA,2010,0.07087800000000000
rgdpe,DMA,2017,798.06561279296900000
pop,DMA,2017,0.07145800000000000
rgdpe,DNK,1950,44938.03515625000000000
pop,DNK,1950,4.27315224601714000
rgdpe,DNK,1960,63426.10156250000000000
pop,DNK,1960,4.58330841088467000
rgdpe,DNK,1970,104721.95312500000000000
pop,DNK,1970,4.93124100000000000
rgdpe,DNK,1980,128332.98437500000000000
pop,DNK,1980,5.12394500000000000
rgdpe,DNK,1990,144018.20312500000000000
pop,DNK,1990,5.14111500000000000
rgdpe,DNK,2000,203091.51562500000000000
pop,DNK,2000,5.34119400000000000
rgdpe,DNK,2010,260929.96875000000000000
pop,DNK,2010,5.55484400000000000
rgdpe,DNK,2017,308119.15625000000000000
pop,DNK,2017,5.73227400000000000
rgdpe,DOM,1960,8471.03222656250000000
pop,DOM,1960,3.28772267734706000
rgdpe,DOM,1970,14659.90429687500000000
pop,DOM,1970,4.49972000000000000
rgdpe,DOM,1980,28605.69335937500000000
pop,DOM,1980,5.80392700000000000
rgdpe,DOM,1990,35340.87500000000000000
pop,DOM,1990,7.13349400000000000
rgdpe,DOM,2000,72115.39062500000000000
pop,DOM,2000,8.47132100000000000
rgdpe,DOM,2010,120940.88281250000000000
pop,DOM,2010,9.69512100000000000
rgdpe,DOM,2017,170901.51562500000000000
pop,DOM,2017,10.51310400000000000
rgdpe,DZA,1960,67244.71093750000000000
pop,DZA,1960,11.32676744509450000
rgdpe,DZA,1970,89436.18750000000000000
pop,DZA,1970,14.46498500000000000
rgdpe,DZA,1980,242874.89062500000000000
pop,DZA,1980,19.22166500000000000
rgdpe,DZA,1990,243852.09375000000000000
pop,DZA,1990,25.75886900000000000
rgdpe,DZA,2000,340480.28125000000000000
pop,DZA,2000,31.04223500000000000
rgdpe,DZA,2010,515663.84375000000000000
pop,DZA,2010,35.97745500000000000
rgdpe,DZA,2017,452337.34375000000000000
pop,DZA,2017,41.38918900000000000
rgdpe,ECU,1950,11334.05664062500000000
pop,ECU,1950,3.44337882732986000
rgdpe,ECU,1960,19232.64062500000000000
pop,ECU,1960,4.51271031461085000
rgdpe,ECU,1970,30700.82421875000000000
pop,ECU,1970,6.06937600000000000
rgdpe,ECU,1980,62850.10937500000000000
pop,ECU,1980,7.98918600000000000
rgdpe,ECU,1990,63796.41796875000000000
pop,ECU,1990,10.23093400000000000
rgdpe,ECU,2000,71052.57031250000000000
pop,ECU,2000,12.68112300000000000
rgdpe,ECU,2010,142228.18750000000000000
pop,ECU,2010,15.01111700000000000
rgdpe,ECU,2017,191677.71875000000000000
pop,ECU,2017,16.78536100000000000
rgdpe,EGY,1950,15268.18652343750000000
pop,EGY,1950,21.79107043889840000
rgdpe,EGY,1960,20486.91015625000000000
pop,EGY,1960,27.59811676112220000
rgdpe,EGY,1970,41296.25000000000000000
pop,EGY,1970,34.51385000000000000
rgdpe,EGY,1980,60800.74609375000000000
pop,EGY,1980,43.30906300000000000
rgdpe,EGY,1990,125608.41406250000000000
pop,EGY,1990,56.13447500000000000
rgdpe,EGY,2000,356720.00000000000000000
pop,EGY,2000,68.83156100000000000
rgdpe,EGY,2010,798934.31250000000000000
pop,EGY,2010,82.76123500000000000
rgdpe,EGY,2017,1005485.75000000000000000
pop,EGY,2017,96.44259100000000000
rgdpe,ESP,1950,107712.77343750000000000
pop,ESP,1950,28.06898497329290000
rgdpe,ESP,1960,191600.64062500000000000
pop,ESP,1960,30.64776236659240000
rgdpe,ESP,1970,400293.65625000000000000
pop,ESP,1970,33.88374900000000000
rgdpe,ESP,1980,602525.81250000000000000
pop,ESP,1980,37.69819600000000000
rgdpe,ESP,1990,743109.00000000000000000
pop,ESP,1990,39.20252500000000000
rgdpe,ESP,2000,1169120.62500000000000000
pop,ESP,2000,40.82475400000000000
rgdpe,ESP,2010,1660598.37500000000000000
pop,ESP,2010,46.93101500000000000
rgdpe,ESP,2017,1853309.37500000000000000
pop,ESP,2017,46.64742800000000000
rgdpe,EST,1990,17759.97265625000000000
pop,EST,1990,1.56524600000000000
rgdpe,EST,2000,18232.93359375000000000
pop,EST,2000,1.39911200000000000
rgdpe,EST,2010,33060.07031250000000000
pop,EST,2010,1.33210100000000000
rgdpe,EST,2017,45160.55468750000000000
pop,EST,2017,1.31939000000000000
rgdpe,ETH,1950,7864.95361328125000000
pop,ETH,1950,19.45337118271500000
rgdpe,ETH,1960,12042.22753906250000000
pop,ETH,1960,23.30470162126160000
rgdpe,ETH,1970,17808.62500000000000000
pop,ETH,1970,28.41507700000000000
rgdpe,ETH,1980,24429.52148437500000000
pop,ETH,1980,35.14171200000000000
rgdpe,ETH,1990,37355.83984375000000000
pop,ETH,1990,47.88786500000000000
rgdpe,ETH,2000,36722.56250000000000000
pop,ETH,2000,66.22480400000000000
rgdpe,ETH,2010,88588.73437500000000000
pop,ETH,2010,87.63996400000000000
rgdpe,ETH,2017,201764.57812500000000000
pop,ETH,2017,106.39992400000000000
rgdpe,FIN,1950,25811.23437500000000000
pop,FIN,1950,4.01417332837253000
rgdpe,FIN,1960,44339.13671875000000000
pop,FIN,1960,4.43542629786651000
rgdpe,FIN,1970,74985.53125000000000000
pop,FIN,1970,4.61236600000000000
rgdpe,FIN,1980,101768.21875000000000000
pop,FIN,1980,4.78824300000000000
rgdpe,FIN,1990,136194.35937500000000000
pop,FIN,1990,4.99622200000000000
rgdpe,FIN,2000,186055.46875000000000000
pop,FIN,2000,5.18795400000000000
rgdpe,FIN,2010,234672.07812500000000000
pop,FIN,2010,5.36578200000000000
rgdpe,FIN,2017,253666.09375000000000000
pop,FIN,2017,5.51137100000000000
rgdpe,FJI,1960,1147.64648437500000000
pop,FJI,1960,0.39301730340924800
rgdpe,FJI,1970,1906.47924804688000000
pop,FJI,1970,0.52056200000000000
rgdpe,FJI,1980,3738.70092773438000000
pop,FJI,1980,0.63530700000000000
rgdpe,FJI,1990,4506.88916015625000000
pop,FJI,1990,0.72857300000000000
rgdpe,FJI,2000,5110.60498046875000000
pop,FJI,2000,0.81100600000000000
rgdpe,FJI,2010,6953.02099609375000000
pop,FJI,2010,0.85981800000000000
rgdpe,FJI,2017,11277.48046875000000000
pop,FJI,2017,0.87745900000000000
rgdpe,FRA,1950,325814.25000000000000000
pop,FRA,1950,42.54991346993380000
rgdpe,FRA,1960,528044.25000000000000000
pop,FRA,1960,46.61930244571930000
rgdpe,FRA,1970,923051.75000000000000000
pop,FRA,1970,51.95773800000000000
rgdpe,FRA,1980,1376370.00000000000000000
pop,FRA,1980,55.16152700000000000
rgdpe,FRA,1990,1581529.62500000000000000
pop,FRA,1990,58.23569700000000000
rgdpe,FRA,2000,2135621.25000000000000000
pop,FRA,2000,60.87435700000000000
rgdpe,FRA,2010,2613960.75000000000000000
pop,FRA,2010,64.95250300000000000
rgdpe,FRA,2017,2922007.00000000000000000
pop,FRA,2017,67.02241100000000000
rgdpe,GAB,1960,1491.21081542969000000
pop,GAB,1960,0.51077833924315200
rgdpe,GAB,1970,3539.64184570313000000
pop,GAB,1970,0.58931400000000000
rgdpe,GAB,1980,10134.93945312500000000
pop,GAB,1980,0.72632800000000000
rgdpe,GAB,1990,9089.84472656250000000
pop,GAB,1990,0.94948800000000000
rgdpe,GAB,2000,13196.82128906250000000
pop,GAB,2000,1.22836000000000000
rgdpe,GAB,2010,24006.08007812500000000
pop,GAB,2010,1.62414000000000000
rgdpe,GAB,2017,31121.49218750000000000
pop,GAB,2017,2.06482300000000000
rgdpe,GBR,1950,499090.96875000000000000
pop,GBR,1950,50.07424538043440000
rgdpe,GBR,1960,672852.31250000000000000
pop,GBR,1960,52.31688549206950000
rgdpe,GBR,1970,905981.62500000000000000
pop,GBR,1970,55.57345300000000000
rgdpe,GBR,1980,1201736.25000000000000000
pop,GBR,1980,56.20917100000000000
rgdpe,GBR,1990,1439709.75000000000000000
pop,GBR,1990,57.13439100000000000
rgdpe,GBR,2000,2101197.50000000000000000
pop,GBR,2000,58.92330900000000000
rgdpe,GBR,2010,2546775.25000000000000000
pop,GBR,2010,63.45980800000000000
rgdpe,GBR,2017,3037790.75000000000000000
pop,GBR,2017,66.72746100000000000
rgdpe,GEO,1990,64985.51953125000000000
pop,GEO,1990,5.41039900000000000
rgdpe,GEO,2000,15581.87695312500000000
pop,GEO,2000,4.36218700000000000
rgdpe,GEO,2010,32883.45312500000000000
pop,GEO,2010,4.09909900000000000
rgdpe,GEO,2017,50643.67187500000000000
pop,GEO,2017,4.00871600000000000
rgdpe,GHA,1960,30489.42968750000000000
pop,GHA,1960,6.91596596941425000
rgdpe,GHA,1970,39338.47265625000000000
pop,GHA,1970,8.73549500000000000
rgdpe,GHA,1980,38942.35546875000000000
pop,GHA,1980,11.05611600000000000
rgdpe,GHA,1990,43322.83203125000000000
pop,GHA,1990,14.77327700000000000
rgdpe,GHA,2000,62266.00000000000000000
pop,GHA,2000,19.27885600000000000
rgdpe,GHA,2010,105856.16406250000000000
pop,GHA,2010,24.77961900000000000
rgdpe,GHA,2017,149986.87500000000000000
pop,GHA,2017,29.12146500000000000
rgdpe,GIN,1960,10932.63378906250000000
pop,GIN,1960,3.45071841449036000
rgdpe,GIN,1970,11724.73925781250000000
pop,GIN,1970,4.15460500000000000
rgdpe,GIN,1980,16007.16503906250000000
pop,GIN,1980,4.87143500000000000
rgdpe,GIN,1990,20216.71484375000000000
pop,GIN,1990,6.35228300000000000
rgdpe,GIN,2000,21614.15429687500000000
pop,GIN,2000,8.24073000000000000
rgdpe,GIN,2010,19252.61914062500000000
pop,GIN,2010,10.19217600000000000
rgdpe,GIN,2017,28845.63867187500000000
pop,GIN,2017,12.06751900000000000
rgdpe,GMB,1960,954.54058837890600000
pop,GMB,1960,0.33730341578039600
rgdpe,GMB,1970,1427.19885253906000000
pop,GMB,1970,0.46441000000000000
rgdpe,GMB,1980,1798.24926757813000000
pop,GMB,1980,0.63724600000000000
rgdpe,GMB,1990,2722.56958007813000000
pop,GMB,1990,0.95559300000000000
rgdpe,GMB,2000,3720.06030273438000000
pop,GMB,2000,1.31770300000000000
rgdpe,GMB,2010,4960.61669921875000000
pop,GMB,2010,1.79319600000000000
rgdpe,GMB,2017,4313.87402343750000000
pop,GMB,2017,2.21388900000000000
rgdpe,GNB,1960,701.54119873046900000
pop,GNB,1960,0.70114384515567800
rgdpe,GNB,1970,1083.30615234375000000
pop,GNB,1970,0.70493900000000000
rgdpe,GNB,1980,1312.13378906250000000
pop,GNB,1980,0.78167700000000000
rgdpe,GNB,1990,1557.17089843750000000
pop,GNB,1990,0.97526100000000000
rgdpe,GNB,2000,2078.98608398438000000
pop,GNB,2000,1.20130100000000000
rgdpe,GNB,2010,2138.90917968750000000
pop,GNB,2010,1.52259900000000000
rgdpe,GNB,2017,3474.89013671875000000
pop,GNB,2017,1.82814500000000000
rgdpe,GNQ,1960,371.91821289062500000
pop,GNQ,1960,0.27411827381670400
rgdpe,GNQ,1970,520.51013183593800000
pop,GNQ,1970,0.30398200000000000
rgdpe,GNQ,1980,498.58831787109400000
pop,GNQ,1980,0.24992900000000000
rgdpe,GNQ,1990,882.81317138671900000
pop,GNQ,1990,0.41918800000000000
rgdpe,GNQ,2000,6654.27587890625000000
pop,GNQ,2000,0.60618100000000000
rgdpe,GNQ,2010,27031.82226562500000000
pop,GNQ,2010,0.94363900000000000
rgdpe,GNQ,2017,32468.77343750000000000
pop,GNQ,2017,1.26200200000000000
rgdpe,GRC,1960,43583.57031250000000000
pop,GRC,1960,8.20501065850395000
rgdpe,GRC,1970,97693.83593750000000000
pop,GRC,1970,8.66357100000000000
rgdpe,GRC,1980,146225.25000000000000000
pop,GRC,1980,9.62700200000000000
rgdpe,GRC,1990,181332.35937500000000000
pop,GRC,1990,10.22599200000000000
rgdpe,GRC,2000,281180.59375000000000000
pop,GRC,2000,11.08210400000000000
rgdpe,GRC,2010,347717.28125000000000000
pop,GRC,2010,10.88763700000000000
rgdpe,GRC,2017,295748.25000000000000000
pop,GRC,2017,10.56945000000000000
rgdpe,GRD,1970,178.79345703125000000
pop,GRD,1970,0.09447500000000000
rgdpe,GRD,1980,284.59240722656300000
pop,GRD,1980,0.08903200000000000
rgdpe,GRD,1990,485.60604858398400000
pop,GRD,1990,0.09633100000000000
rgdpe,GRD,2000,822.14569091796900000
pop,GRD,2000,0.10283300000000000
rgdpe,GRD,2010,1188.24560546875000000
pop,GRD,2010,0.10623300000000000
rgdpe,GRD,2017,1691.29492187500000000
pop,GRD,2017,0.11087400000000000
rgdpe,GTM,1950,7746.05664062500000000
pop,GTM,1950,3.17065153451001000
rgdpe,GTM,1960,10875.72167968750000000
pop,GTM,1960,4.37820427710034000
rgdpe,GTM,1970,18100.31640625000000000
pop,GTM,1970,5.62179200000000000
rgdpe,GTM,1980,29061.77929687500000000
pop,GTM,1980,7.28345900000000000
rgdpe,GTM,1990,35274.88281250000000000
pop,GTM,1990,9.26381300000000000
rgdpe,GTM,2000,59590.07421875000000000
pop,GTM,2000,11.65074300000000000
rgdpe,GTM,2010,98341.68750000000000000
pop,GTM,2010,14.63041700000000000
rgdpe,GTM,2017,128992.05468750000000000
pop,GTM,2017,16.91497000000000000
rgdpe,GUY,1970,2519.41137695313000000
pop,GUY,1970,0.70493400000000000
rgdpe,GUY,1980,3067.43627929688000000
pop,GUY,1980,0.78015300000000000
rgdpe,GUY,1990,2135.50244140625000000
pop,GUY,1990,0.74330900000000000
rgdpe,GUY,2000,3501.68579101563000000
pop,GUY,2000,0.74671500000000000
rgdpe,GUY,2010,7180.13037109375000000
pop,GUY,2010,0.74943600000000000
rgdpe,GUY,2017,9451.41992187500000000
pop,GUY,2017,0.77522200000000000
rgdpe,HKG,1960,12400.25683593750000000
pop,HKG,1960,2.98979428208139000
rgdpe,HKG,1970,32450.50000000000000000
pop,HKG,1970,3.84892400000000000
rgdpe,HKG,1980,80521.46875000000000000
pop,HKG,1980,4.86874200000000000
rgdpe,HKG,1990,151044.28125000000000000
pop,HKG,1990,5.72793800000000000
rgdpe,HKG,2000,256729.14062500000000000
pop,HKG,2000,6.60632700000000000
rgdpe,HKG,2010,369489.93750000000000000
pop,HKG,2010,6.96633100000000000
rgdpe,HKG,2017,434867.25000000000000000
pop,HKG,2017,7.30632200000000000
rgdpe,HND,1950,3327.30541992188000000
pop,HND,1950,1.40862619649450000
rgdpe,HND,1960,4270.87792968750000000
pop,HND,1960,1.92052600489582000
rgdpe,HND,1970,6628.53271484375000000
pop,HND,1970,2.71665400000000000
rgdpe,HND,1980,11331.26855468750000000
pop,HND,1980,3.67827900000000000
rgdpe,HND,1990,15024.59570312500000000
pop,HND,1990,4.95530300000000000
rgdpe,HND,2000,21558.67187500000000000
pop,HND,2000,6.57450900000000000
rgdpe,HND,2010,33096.09765625000000000
pop,HND,2010,8.31747000000000000
rgdpe,HND,2017,50134.01562500000000000
pop,HND,2017,9.42901300000000000
rgdpe,HRV,1990,64448.71484375000000000
pop,HRV,1990,4.77637400000000000
rgdpe,HRV,2000,58379.27343750000000000
pop,HRV,2000,4.42807500000000000
rgdpe,HRV,2010,95748.32031250000000000
pop,HRV,2010,4.32816500000000000
rgdpe,HRV,2017,106672.76562500000000000
pop,HRV,2017,4.18285700000000000
rgdpe,HTI,1960,5093.83789062500000000
pop,HTI,1960,3.80708580153772000
rgdpe,HTI,1970,5835.62744140625000000
pop,HTI,1970,4.67623000000000000
rgdpe,HTI,1980,9677.68066406250000000
pop,HTI,1980,5.64317300000000000
rgdpe,HTI,1990,9455.26953125000000000
pop,HTI,1990,7.03791700000000000
rgdpe,HTI,2000,16453.04296875000000000
pop,HTI,2000,8.46380600000000000
rgdpe,HTI,2010,15696.96289062500000000
pop,HTI,2010,9.94932200000000000
rgdpe,HTI,2017,17450.91406250000000000
pop,HTI,2017,10.98236600000000000
rgdpe,HUN,1970,62747.30078125000000000
pop,HUN,1970,10.36610500000000000
rgdpe,HUN,1980,124053.12500000000000000
pop,HUN,1980,10.75428600000000000
rgdpe,HUN,1990,143548.42187500000000000
pop,HUN,1990,10.37713700000000000
rgdpe,HUN,2000,169332.32812500000000000
pop,HUN,2000,10.22050700000000000
rgdpe,HUN,2010,249111.59375000000000000
pop,HUN,2010,9.92737000000000000
rgdpe,HUN,2017,296142.03125000000000000
pop,HUN,2017,9.72982300000000000
rgdpe,IDN,1960,96766.49218750000000000
pop,IDN,1960,94.47303971345820000
rgdpe,IDN,1970,123417.25781250000000000
pop,IDN,1970,115.36474300000000000
rgdpe,IDN,1980,359334.18750000000000000
pop,IDN,1980,148.04774100000000000
rgdpe,IDN,1990,629466.62500000000000000
pop,IDN,1990,182.15121600000000000
rgdpe,IDN,2000,872173.25000000000000000
pop,IDN,2000,211.51382300000000000
rgdpe,IDN,2010,1976890.75000000000000000
pop,IDN,2010,241.83421500000000000
rgdpe,IDN,2017,2819440.75000000000000000
pop,IDN,2017,264.65096300000000000
rgdpe,IND,1950,349636.46875000000000000
pop,IND,1950,370.74883595647600000
rgdpe,IND,1960,512688.81250000000000000
pop,IND,1960,446.43945771456100000
rgdpe,IND,1970,793718.43750000000000000
pop,IND,1970,555.18979200000000000
rgdpe,IND,1980,889360.18750000000000000
pop,IND,1980,698.95284400000000000
rgdpe,IND,1990,1230354.00000000000000000
pop,IND,1990,873.27779800000000000
rgdpe,IND,2000,2231893.25000000000000000
pop,IND,2000,1056.57554900000000000
rgdpe,IND,2010,5398284.50000000000000000
pop,IND,2010,1234.28117000000000000
rgdpe,IND,2017,8069977.50000000000000000
pop,IND,2017,1338.67678500000000000
rgdpe,IRL,1950,16315.01855468750000000
pop,IRL,1950,2.92115649030631000
rgdpe,IRL,1960,19725.81445312500000000
pop,IRL,1960,2.79198958519878000
rgdpe,IRL,1970,29828.33203125000000000
pop,IRL,1970,2.90842100000000000
rgdpe,IRL,1980,48691.71093750000000000
pop,IRL,1980,3.38475600000000000
rgdpe,IRL,1990,68907.85156250000000000
pop,IRL,1990,3.51088500000000000
rgdpe,IRL,2000,150186.81250000000000000
pop,IRL,2000,3.78310300000000000
rgdpe,IRL,2010,216919.95312500000000000
pop,IRL,2010,4.55432100000000000
rgdpe,IRL,2017,409848.06250000000000000
pop,IRL,2017,4.75327900000000000
rgdpe,IRN,1960,59826.10156250000000000
pop,IRN,1960,21.29344979130870000
rgdpe,IRN,1970,116471.77343750000000000
pop,IRN,1970,28.51386600000000000
rgdpe,IRN,1980,162262.70312500000000000
pop,IRN,1980,38.65024600000000000
rgdpe,IRN,1990,187198.78125000000000000
pop,IRN,1990,56.36621700000000000
rgdpe,IRN,2000,548785.62500000000000000
pop,IRN,2000,65.62340500000000000
rgdpe,IRN,2010,1415567.50000000000000000
pop,IRN,2010,73.76251900000000000
rgdpe,IRN,2017,1144472.62500000000000000
pop,IRN,2017,80.67388300000000000
rgdpe,IRQ,1970,50404.12109375000000000
pop,IRQ,1970,9.91798300000000000
rgdpe,IRQ,1980,146662.00000000000000000
pop,IRQ,1980,13.65335400000000000
rgdpe,IRQ,1990,128514.41406250000000000
pop,IRQ,1990,17.41911300000000000
rgdpe,IRQ,2000,181081.84375000000000000
pop,IRQ,2000,23.49758500000000000
rgdpe,IRQ,2010,384958.50000000000000000
pop,IRQ,2010,29.74197600000000000
rgdpe,IRQ,2017,428658.84375000000000000
pop,IRQ,2017,37.55278100000000000
rgdpe,ISL,1950,1293.68737792969000000
pop,ISL,1950,0.14316350139765900
rgdpe,ISL,1960,2112.42749023438000000
pop,ISL,1960,0.17613743871296800
rgdpe,ISL,1970,3647.29370117188000000
pop,ISL,1970,0.20442600000000000
rgdpe,ISL,1980,6824.60400390625000000
pop,ISL,1980,0.22826200000000000
rgdpe,ISL,1990,8510.24804687500000000
pop,ISL,1990,0.25504300000000000
rgdpe,ISL,2000,11653.57910156250000000
pop,ISL,2000,0.28043500000000000
rgdpe,ISL,2010,13838.08496093750000000
pop,ISL,2010,0.32032800000000000
rgdpe,ISL,2017,19231.93554687500000000
pop,ISL,2017,0.33439300000000000
rgdpe,ISR,1950,8487.64843750000000000
pop,ISR,1950,1.24640334035430000
rgdpe,ISR,1960,19781.49804687500000000
pop,ISR,1960,2.07534571328839000
rgdpe,ISR,1970,42031.12109375000000000
pop,ISR,1970,2.81374900000000000
rgdpe,ISR,1980,66013.96875000000000000
pop,ISR,1980,3.70091900000000000
rgdpe,ISR,1990,104478.53125000000000000
pop,ISR,1990,4.44835300000000000
rgdpe,ISR,2000,217768.42187500000000000
pop,ISR,2000,5.94595000000000000
rgdpe,ISR,2010,249409.35937500000000000
pop,ISR,2010,7.34644600000000000
rgdpe,ISR,2017,337804.46875000000000000
pop,ISR,2017,8.24384800000000000
rgdpe,ITA,1950,221477.29687500000000000
pop,ITA,1950,46.98023487489760000
rgdpe,ITA,1960,391328.18750000000000000
pop,ITA,1960,50.06464543065000000
rgdpe,ITA,1970,735681.62500000000000000
pop,ITA,1970,53.51896900000000000
rgdpe,ITA,1980,1234958.12500000000000000
pop,ITA,1980,56.34934900000000000
rgdpe,ITA,1990,1560881.50000000000000000
pop,ITA,1990,57.04823600000000000
rgdpe,ITA,2000,2081385.62500000000000000
pop,ITA,2000,56.69217800000000000
rgdpe,ITA,2010,2336120.25000000000000000
pop,ITA,2010,59.32522900000000000
rgdpe,ITA,2017,2474220.75000000000000000
pop,ITA,2017,60.67370100000000000
rgdpe,JAM,1960,8761.40332031250000000
pop,JAM,1960,1.57457713629452000
rgdpe,JAM,1970,13282.99023437500000000
pop,JAM,1970,1.87564200000000000
rgdpe,JAM,1980,10380.21777343750000000
pop,JAM,1980,2.16284600000000000
rgdpe,JAM,1990,12548.53515625000000000
pop,JAM,1990,2.41990600000000000
rgdpe,JAM,2000,16301.43945312500000000
pop,JAM,2000,2.65470100000000000
rgdpe,JAM,2010,21835.52148437500000000
pop,JAM,2010,2.81046000000000000
rgdpe,JAM,2017,25654.48242187500000000
pop,JAM,2017,2.92084800000000000
rgdpe,JOR,1960,2769.41137695313000000
pop,JOR,1960,0.97179519080260600
rgdpe,JOR,1970,5039.77832031250000000
pop,JOR,1970,1.72132300000000000
rgdpe,JOR,1980,10320.41113281250000000
pop,JOR,1980,2.37799500000000000
rgdpe,JOR,1990,12098.42187500000000000
pop,JOR,1990,3.56589000000000000
rgdpe,JOR,2000,20276.51367187500000000
pop,JOR,2000,5.12249300000000000
rgdpe,JOR,2010,70305.11718750000000000
pop,JOR,2010,7.26153900000000000
rgdpe,JOR,2017,95520.68750000000000000
pop,JOR,2017,9.78584300000000000
rgdpe,JPN,1950,242640.53125000000000000
pop,JPN,1950,84.27426691312020000
rgdpe,JPN,1960,550782.93750000000000000
pop,JPN,1960,94.61850334836000000
rgdpe,JPN,1970,1472603.75000000000000000
pop,JPN,1970,104.92925100000000000
rgdpe,JPN,1980,2474288.50000000000000000
pop,JPN,1980,117.81694000000000000
rgdpe,JPN,1990,3552613.25000000000000000
pop,JPN,1990,124.50524000000000000
rgdpe,JPN,2000,4696670.50000000000000000
pop,JPN,2000,127.52417400000000000
rgdpe,JPN,2010,4968421.00000000000000000
pop,JPN,2010,128.54235300000000000
rgdpe,JPN,2017,5003367.50000000000000000
pop,JPN,2017,127.50272500000000000
rgdpe,KAZ,1990,198424.56250000000000000
pop,KAZ,1990,16.38388700000000000
rgdpe,KAZ,2000,101390.36718750000000000
pop,KAZ,2000,14.92271900000000000
rgdpe,KAZ,2010,326567.03125000000000000
pop,KAZ,2010,16.25227900000000000
rgdpe,KAZ,2017,482052.09375000000000000
pop,KAZ,2017,18.08001900000000000
rgdpe,KEN,1950,10491.50000000000000000
pop,KEN,1950,6.15068835449460000
rgdpe,KEN,1960,15367.30664062500000000
pop,KEN,1960,8.19614338002268000
rgdpe,KEN,1970,22248.09375000000000000
pop,KEN,1970,11.30139400000000000
rgdpe,KEN,1980,36195.26171875000000000
pop,KEN,1980,16.41719700000000000
rgdpe,KEN,1990,52272.21093750000000000
pop,KEN,1990,23.72457900000000000
rgdpe,KEN,2000,65744.44531250000000000
pop,KEN,2000,31.96455700000000000
rgdpe,KEN,2010,103723.52343750000000000
pop,KEN,2010,42.03067600000000000
rgdpe,KEN,2017,195892.18750000000000000
pop,KEN,2017,50.22114200000000000
rgdpe,KGZ,1990,36014.51953125000000000
pop,KGZ,1990,4.37288500000000000
rgdpe,KGZ,2000,10943.88281250000000000
pop,KGZ,2000,4.92071200000000000
rgdpe,KGZ,2010,16591.00000000000000000
pop,KGZ,2010,5.42229300000000000
rgdpe,KGZ,2017,30387.80664062500000000
pop,KGZ,2017,6.18973300000000000
rgdpe,KHM,1970,12447.81738281250000000
pop,KHM,1970,6.99657600000000000
rgdpe,KHM,1980,5954.10498046875000000
pop,KHM,1980,6.69376400000000000
rgdpe,KHM,1990,10325.86132812500000000
pop,KHM,1990,8.97559700000000000
rgdpe,KHM,2000,17185.61718750000000000
pop,KHM,2000,12.15523900000000000
rgdpe,KHM,2010,36859.65625000000000000
pop,KHM,2010,14.31221200000000000
rgdpe,KHM,2017,60747.12500000000000000
pop,KHM,2017,16.00940900000000000
rgdpe,KNA,1970,142.13987731933600000
pop,KNA,1970,0.04488300000000000
rgdpe,KNA,1980,290.22296142578100000
pop,KNA,1980,0.04320500000000000
rgdpe,KNA,1990,437.23345947265600000
pop,KNA,1990,0.04025900000000000
rgdpe,KNA,2000,707.94171142578100000
pop,KNA,2000,0.04407400000000000
rgdpe,KNA,2010,1116.32165527344000000
pop,KNA,2010,0.04901600000000000
rgdpe,KNA,2017,1349.44982910156000000
pop,KNA,2017,0.05204500000000000
rgdpe,KOR,1960,30312.71093750000000000
pop,KOR,1960,24.74930137227740000
rgdpe,KOR,1970,69874.60937500000000000
pop,KOR,1970,32.19568100000000000
rgdpe,KOR,1980,193922.59375000000000000
pop,KOR,1980,38.04560700000000000
rgdpe,KOR,1990,565140.75000000000000000
pop,KOR,1990,42.91841900000000000
rgdpe,KOR,2000,1150272.00000000000000000
pop,KOR,2000,47.37924100000000000
rgdpe,KOR,2010,1756263.12500000000000000
pop,KOR,2010,49.54563600000000000
rgdpe,KOR,2017,2070935.62500000000000000
pop,KOR,2017,51.09641500000000000
rgdpe,KWT,1970,25966.13476562500000000
pop,KWT,1970,0.74445000000000000
rgdpe,KWT,1980,97522.39062500000000000
pop,KWT,1980,1.36867700000000000
rgdpe,KWT,1990,45861.21875000000000000
pop,KWT,1990,2.09534400000000000
rgdpe,KWT,2000,82197.28125000000000000
pop,KWT,2000,2.04512300000000000
rgdpe,KWT,2010,213001.68750000000000000
pop,KWT,2010,2.99188400000000000
rgdpe,KWT,2017,217779.70312500000000000
pop,KWT,2017,4.05609900000000000
rgdpe,LAO,1970,1959.60034179688000000
pop,LAO,1970,2.68842800000000000
rgdpe,LAO,1980,2804.33813476563000000
pop,LAO,1980,3.25814400000000000
rgdpe,LAO,1990,5387.49218750000000000
pop,LAO,1990,4.25847200000000000
rgdpe,LAO,2000,9499.42773437500000000
pop,LAO,2000,5.32370000000000000
rgdpe,LAO,2010,25386.90625000000000000
pop,LAO,2010,6.24916500000000000
rgdpe,LAO,2017,49219.52734375000000000
pop,LAO,2017,6.95303500000000000
rgdpe,LBN,1970,14922.62792968750000000
pop,LBN,1970,2.29743400000000000
rgdpe,LBN,1980,12667.67968750000000000
pop,LBN,1980,2.58892900000000000
rgdpe,LBN,1990,11401.34277343750000000
pop,LBN,1990,2.80304400000000000
rgdpe,LBN,2000,25618.25195312500000000
pop,LBN,2000,3.84277800000000000
rgdpe,LBN,2010,80927.08593750000000000
pop,LBN,2010,4.95306100000000000
rgdpe,LBN,2017,104223.39843750000000000
pop,LBN,2017,6.81937300000000000
rgdpe,LBR,1970,3908.72973632813000000
pop,LBR,1970,1.40073000000000000
rgdpe,LBR,1980,4410.05712890625000000
pop,LBR,1980,1.85300100000000000
rgdpe,LBR,1990,1945.79589843750000000
pop,LBR,1990,2.07591200000000000
rgdpe,LBR,2000,2721.37304687500000000
pop,LBR,2000,2.84845600000000000
rgdpe,LBR,2010,3007.70458984375000000
pop,LBR,2010,3.89135600000000000
rgdpe,LBR,2017,6222.53613281250000000
pop,LBR,2017,4.70222600000000000
rgdpe,LCA,1970,390.10681152343800000
pop,LCA,1970,0.10401500000000000
rgdpe,LCA,1980,771.90954589843800000
pop,LCA,1980,0.11782200000000000
rgdpe,LCA,1990,1281.13378906250000000
pop,LCA,1990,0.13802000000000000
rgdpe,LCA,2000,1534.50268554688000000
pop,LCA,2000,0.15672900000000000
rgdpe,LCA,2010,2257.41699218750000000
pop,LCA,2010,0.17408500000000000
rgdpe,LCA,2017,2656.63745117188000000
pop,LCA,2017,0.18095400000000000
rgdpe,LKA,1950,23034.53906250000000000
pop,LKA,1950,7.45371063875906000
rgdpe,LKA,1960,29707.38281250000000000
pop,LKA,1960,9.80901786218038000
rgdpe,LKA,1970,40918.13671875000000000
pop,LKA,1970,12.48574000000000000
rgdpe,LKA,1980,33300.91015625000000000
pop,LKA,1980,15.03583400000000000
rgdpe,LKA,1990,55257.37109375000000000
pop,LKA,1990,17.32577300000000000
rgdpe,LKA,2000,90442.87500000000000000
pop,LKA,2000,18.77760100000000000
rgdpe,LKA,2010,181283.45312500000000000
pop,LKA,2010,20.26173700000000000
rgdpe,LKA,2017,259296.82812500000000000
pop,LKA,2017,21.12803200000000000
rgdpe,LSO,1960,723.19927978515600000
pop,LSO,1960,0.82780960586502000
rgdpe,LSO,1970,1192.13977050781000000
pop,LSO,1970,1.02892600000000000
rgdpe,LSO,1980,1861.08752441406000000
pop,LSO,1980,1.34025500000000000
rgdpe,LSO,1990,2369.32812500000000000
pop,LSO,1990,1.70374700000000000
rgdpe,LSO,2000,3646.95068359375000000
pop,LSO,2000,2.03280400000000000
rgdpe,LSO,2010,4919.62646484375000000
pop,LSO,2010,1.99558100000000000
rgdpe,LSO,2017,5679.72705078125000000
pop,LSO,2017,2.09153400000000000
rgdpe,LTU,1990,53623.68750000000000000
pop,LTU,1990,3.69603500000000000
rgdpe,LTU,2000,42346.78125000000000000
pop,LTU,2000,3.50183900000000000
rgdpe,LTU,2010,70425.23437500000000000
pop,LTU,2010,3.12381600000000000
rgdpe,LTU,2017,95654.70312500000000000
pop,LTU,2017,2.84541400000000000
rgdpe,LUX,1950,3815.07519531250000000
pop,LUX,1950,0.29601751755848900
rgdpe,LUX,1960,6533.78173828125000000
pop,LUX,1960,0.31442627345217000
rgdpe,LUX,1970,9411.63085937500000000
pop,LUX,1970,0.33966800000000000
rgdpe,LUX,1980,12092.26269531250000000
pop,LUX,1980,0.36403800000000000
rgdpe,LUX,1990,17541.16406250000000000
pop,LUX,1990,0.38179100000000000
rgdpe,LUX,2000,32184.43945312500000000
pop,LUX,2000,0.43610300000000000
rgdpe,LUX,2010,47452.07031250000000000
pop,LUX,2010,0.50788900000000000
rgdpe,LUX,2017,65523.10546875000000000
pop,LUX,2017,0.59191000000000000
rgdpe,LVA,1990,44957.03515625000000000
pop,LVA,1990,2.66443900000000000
rgdpe,LVA,2000,26473.30664062500000000
pop,LVA,2000,2.38416400000000000
rgdpe,LVA,2010,41978.04296875000000000
pop,LVA,2010,2.11886100000000000
rgdpe,LVA,2017,55545.39453125000000000
pop,LVA,2017,1.95109700000000000
rgdpe,MAC,1970,1762.64758300781000000
pop,MAC,1970,0.24619400000000000
rgdpe,MAC,1980,3780.40625000000000000
pop,MAC,1980,0.23807100000000000
rgdpe,MAC,1990,9127.78125000000000000
pop,MAC,1990,0.34380800000000000
rgdpe,MAC,2000,13199.31640625000000000
pop,MAC,2000,0.42778200000000000
rgdpe,MAC,2010,50980.06250000000000000
pop,MAC,2010,0.53821900000000000
rgdpe,MAC,2017,66175.54687500000000000
pop,MAC,2017,0.62258500000000000
rgdpe,MAR,1950,13328.29980468750000000
pop,MAR,1950,9.39944426489449000
rgdpe,MAR,1960,18758.16406250000000000
pop,MAR,1960,12.49797509321170000
rgdpe,MAR,1970,36615.30859375000000000
pop,MAR,1970,16.00473100000000000
rgdpe,MAR,1980,57964.32812500000000000
pop,MAR,1980,19.99001200000000000
rgdpe,MAR,1990,107734.53906250000000000
pop,MAR,1990,24.80746200000000000
rgdpe,MAR,2000,137331.62500000000000000
pop,MAR,2000,28.79367900000000000
rgdpe,MAR,2010,211208.18750000000000000
pop,MAR,2010,32.34338900000000000
rgdpe,MAR,2017,259740.76562500000000000
pop,MAR,2017,35.58125500000000000
rgdpe,MDA,1990,28890.75976562500000000
pop,MDA,1990,4.36556400000000000
rgdpe,MDA,2000,9806.53906250000000000
pop,MDA,2000,4.20265800000000000
rgdpe,MDA,2010,18927.78906250000000000
pop,MDA,2010,4.08608100000000000
rgdpe,MDA,2017,33367.08984375000000000
pop,MDA,2017,4.05968400000000000
rgdpe,MDG,1960,8828.98339843750000000
pop,MDG,1960,5.32831291921801000
rgdpe,MDG,1970,12888.22949218750000000
pop,MDG,1970,6.57630500000000000
rgdpe,MDG,1980,13090.92382812500000000
pop,MDG,1980,8.71655300000000000
rgdpe,MDG,1990,15815.40917968750000000
pop,MDG,1990,11.59863300000000000
rgdpe,MDG,2000,19891.19140625000000000
pop,MDG,2000,15.76680600000000000
rgdpe,MDG,2010,32598.34765625000000000
pop,MDG,2010,21.15164000000000000
rgdpe,MDG,2017,41137.42968750000000000
pop,MDG,2017,25.57051200000000000
rgdpe,MDV,1970,196.72930908203100000
pop,MDV,1970,0.11569100000000000
rgdpe,MDV,1980,448.02966308593800000
pop,MDV,1980,0.15827200000000000
rgdpe,MDV,1990,1121.79418945313000000
pop,MDV,1990,0.22315800000000000
rgdpe,MDV,2000,2337.49438476563000000
pop,MDV,2000,0.27939800000000000
rgdpe,MDV,2010,4962.93505859375000000
pop,MDV,2010,0.36573400000000000
rgdpe,MDV,2017,9006.48339843750000000
pop,MDV,2017,0.49640200000000000
rgdpe,MEX,1950,138538.04687500000000000
pop,MEX,1950,27.79344525625730000
rgdpe,MEX,1960,243635.15625000000000000
pop,MEX,1960,37.64166529249260000
rgdpe,MEX,1970,458554.59375000000000000
pop,MEX,1970,51.49356500000000000
rgdpe,MEX,1980,944751.06250000000000000
pop,MEX,1980,67.76137200000000000
rgdpe,MEX,1990,1014961.56250000000000000
pop,MEX,1990,83.94313200000000000
rgdpe,MEX,2000,1471101.12500000000000000
pop,MEX,2000,98.89984500000000000
rgdpe,MEX,2010,1920210.87500000000000000
pop,MEX,2010,114.09296300000000000
rgdpe,MEX,2017,2405365.25000000000000000
pop,MEX,2017,124.77732400000000000
rgdpe,MKD,1990,12411.30566406250000000
pop,MKD,1990,1.99622800000000000
rgdpe,MKD,2000,15392.34667968750000000
pop,MKD,2000,2.03481900000000000
rgdpe,MKD,2010,25229.85351562500000000
pop,MKD,2010,2.07074100000000000
rgdpe,MKD,2017,32075.71289062500000000
pop,MKD,2017,2.08199600000000000
rgdpe,MLI,1960,3121.11474609375000000
pop,MLI,1960,4.82132826378407000
rgdpe,MLI,1970,3887.93432617188000000
pop,MLI,1970,5.94904500000000000
rgdpe,MLI,1980,4750.11865234375000000
pop,MLI,1980,7.09012600000000000
rgdpe,MLI,1990,6139.39404296875000000
pop,MLI,1990,8.44991300000000000
rgdpe,MLI,2000,14442.22753906250000000
pop,MLI,2000,10.94644500000000000
rgdpe,MLI,2010,27862.16796875000000000
pop,MLI,2010,15.04935300000000000
rgdpe,MLI,2017,40026.51562500000000000
pop,MLI,2017,18.51243000000000000
rgdpe,MLT,1960,761.69244384765600000
pop,MLT,1960,0.33006613861386100
rgdpe,MLT,1970,1257.78857421875000000
pop,MLT,1970,0.32054500000000000
rgdpe,MLT,1980,3528.18115234375000000
pop,MLT,1980,0.33149700000000000
rgdpe,MLT,1990,5354.54541015625000000
pop,MLT,1990,0.36201500000000000
rgdpe,MLT,2000,9706.82128906250000000
pop,MLT,2000,0.39364500000000000
rgdpe,MLT,2010,12922.64160156250000000
pop,MLT,2010,0.41425300000000000
rgdpe,MLT,2017,19681.33398437500000000
pop,MLT,2017,0.43793300000000000
rgdpe,MMR,1970,19159.49218750000000000
pop,MMR,1970,27.26906900000000000
rgdpe,MMR,1980,28547.75781250000000000
pop,MMR,1980,34.22431300000000000
rgdpe,MMR,1990,30953.17578125000000000
pop,MMR,1990,41.33519900000000000
rgdpe,MMR,2000,51004.13671875000000000
pop,MMR,2000,46.71970100000000000
rgdpe,MMR,2010,187181.06250000000000000
pop,MMR,2010,50.60081800000000000
rgdpe,MMR,2017,246105.28125000000000000
pop,MMR,2017,53.38252300000000000
rgdpe,MNE,1990,6702.15527343750000000
pop,MNE,1990,0.61500200000000000
rgdpe,MNE,2000,4850.50634765625000000
pop,MNE,2000,0.61355900000000000
rgdpe,MNE,2010,9346.13378906250000000
pop,MNE,2010,0.62427500000000000
rgdpe,MNE,2017,11364.51464843750000000
pop,MNE,2017,0.62756300000000000
rgdpe,MNG,1970,1745.38671875000000000
pop,MNG,1970,1.27882500000000000
rgdpe,MNG,1980,3256.51928710938000000
pop,MNG,1980,1.68962200000000000
rgdpe,MNG,1990,8200.24218750000000000
pop,MNG,1990,2.18414500000000000
rgdpe,MNG,2000,7171.29785156250000000
pop,MNG,2000,2.39741800000000000
rgdpe,MNG,2010,21958.57421875000000000
pop,MNG,2010,2.71989600000000000
rgdpe,MNG,2017,34781.07812500000000000
pop,MNG,2017,3.11378600000000000
rgdpe,MOZ,1960,4548.52197265625000000
pop,MOZ,1960,7.24605336855086000
rgdpe,MOZ,1970,6985.60498046875000000
pop,MOZ,1970,9.02274100000000000
rgdpe,MOZ,1980,9966.65332031250000000
pop,MOZ,1980,11.63019400000000000
rgdpe,MOZ,1990,8400.27246093750000000
pop,MOZ,1990,12.98729200000000000
rgdpe,MOZ,2000,13996.60156250000000000
pop,MOZ,2000,17.71192700000000000
rgdpe,MOZ,2010,26385.72851562500000000
pop,MOZ,2010,23.53157400000000000
rgdpe,MOZ,2017,33583.80859375000000000
pop,MOZ,2017,28.64901800000000000
rgdpe,MRT,1960,1966.93591308594000000
pop,MRT,1960,0.99376805551438900
rgdpe,MRT,1970,4682.48046875000000000
pop,MRT,1970,1.14678000000000000
rgdpe,MRT,1980,6022.94824218750000000
pop,MRT,1980,1.54064000000000000
rgdpe,MRT,1990,6548.89111328125000000
pop,MRT,1990,2.03434600000000000
rgdpe,MRT,2000,8443.45898437500000000
pop,MRT,2000,2.63021900000000000
rgdpe,MRT,2010,14325.34375000000000000
pop,MRT,2010,3.49419500000000000
rgdpe,MRT,2017,19479.32031250000000000
pop,MRT,2017,4.28257000000000000
rgdpe,MSR,1970,119.43122100830100000
pop,MSR,1970,0.01153400000000000
rgdpe,MSR,1980,174.87139892578100000
pop,MSR,1980,0.01160700000000000
rgdpe,MSR,1990,338.84475708007800000
pop,MSR,1990,0.01061500000000000
rgdpe,MSR,2000,105.27601623535200000
pop,MSR,2000,0.00492900000000000
rgdpe,MSR,2010,105.84452819824200000
pop,MSR,2010,0.00489900000000000
rgdpe,MSR,2017,90.28469085693360000
pop,MSR,2017,0.00498400000000000
rgdpe,MUS,1950,2565.53344726563000000
pop,MUS,1950,0.47948882457464400
rgdpe,MUS,1960,2733.15502929688000000
pop,MUS,1960,0.66077440483096600
rgdpe,MUS,1970,4076.64599609375000000
pop,MUS,1970,0.82644100000000000
rgdpe,MUS,1980,5952.82519531250000000
pop,MUS,1980,0.96603100000000000
rgdpe,MUS,1990,11257.80957031250000000
pop,MUS,1990,1.05586800000000000
rgdpe,MUS,2000,18593.31835937500000000
pop,MUS,2000,1.18514500000000000
rgdpe,MUS,2010,20576.24414062500000000
pop,MUS,2010,1.24795500000000000
rgdpe,MUS,2017,27943.96093750000000000
pop,MUS,2017,1.26449900000000000
rgdpe,MWI,1960,3249.42163085938000000
pop,MWI,1960,3.60024700428640000
rgdpe,MWI,1970,5426.44628906250000000
pop,MWI,1970,4.70378200000000000
rgdpe,MWI,1980,7606.91552734375000000
pop,MWI,1980,6.25044000000000000
rgdpe,MWI,1990,9674.68652343750000000
pop,MWI,1990,9.40450000000000000
rgdpe,MWI,2000,10400.11132812500000000
pop,MWI,2000,11.14875800000000000
rgdpe,MWI,2010,16370.99804687500000000
pop,MWI,2010,14.53961200000000000
rgdpe,MWI,2017,18404.74023437500000000
pop,MWI,2017,17.67019600000000000
rgdpe,MYS,1960,24447.49023437500000000
pop,MYS,1960,8.34653822011058000
rgdpe,MYS,1970,38367.75000000000000000
pop,MYS,1970,10.80413100000000000
rgdpe,MYS,1980,99388.32812500000000000
pop,MYS,1980,13.79808500000000000
rgdpe,MYS,1990,158185.48437500000000000
pop,MYS,1990,18.02982400000000000
rgdpe,MYS,2000,338079.84375000000000000
pop,MYS,2000,23.19425700000000000
rgdpe,MYS,2010,608889.37500000000000000
pop,MYS,2010,28.20803500000000000
rgdpe,MYS,2017,814839.25000000000000000
pop,MYS,2017,31.10464600000000000
rgdpe,NAM,1960,3024.21362304688000000
pop,NAM,1960,0.63150912847592300
rgdpe,NAM,1970,5159.64697265625000000
pop,NAM,1970,0.81746900000000000
rgdpe,NAM,1980,7758.21386718750000000
pop,NAM,1980,1.05772700000000000
rgdpe,NAM,1990,7291.52978515625000000
pop,NAM,1990,1.43290500000000000
rgdpe,NAM,2000,11166.63867187500000000
pop,NAM,2000,1.79457100000000000
rgdpe,NAM,2010,20012.63085937500000000
pop,NAM,2010,2.11887400000000000
rgdpe,NAM,2017,24755.79101562500000000
pop,NAM,2017,2.40263300000000000
rgdpe,NER,1960,7162.38037109375000000
pop,NER,1960,3.64603383451443000
rgdpe,NER,1970,8973.93847656250000000
pop,NER,1970,4.51064400000000000
rgdpe,NER,1980,11472.61328125000000000
pop,NER,1980,5.98900400000000000
rgdpe,NER,1990,9651.66601562500000000
pop,NER,1990,8.02659100000000000
rgdpe,NER,2000,11434.06738281250000000
pop,NER,2000,11.33155700000000000
rgdpe,NER,2010,17788.31640625000000000
pop,NER,2010,16.46402500000000000
rgdpe,NER,2017,24470.62109375000000000
pop,NER,2017,21.60238200000000000
rgdpe,NGA,1950,55992.10546875000000000
pop,NGA,1950,32.02375629893350000
rgdpe,NGA,1960,83729.07812500000000000
pop,NGA,1960,41.84384748006510000
rgdpe,NGA,1970,156762.15625000000000000
pop,NGA,1970,55.98214400000000000
rgdpe,NGA,1980,342808.15625000000000000
pop,NGA,1980,73.42363300000000000
rgdpe,NGA,1990,79642.56250000000000000
pop,NGA,1990,95.21245000000000000
rgdpe,NGA,2000,90765.51562500000000000
pop,NGA,2000,122.28385000000000000
rgdpe,NGA,2010,787666.31250000000000000
pop,NGA,2010,158.50319700000000000
rgdpe,NGA,2017,966859.56250000000000000
pop,NGA,2017,190.87324400000000000
rgdpe,NIC,1950,4691.21630859375000000
pop,NIC,1950,1.28725571450805000
rgdpe,NIC,1960,8425.03710937500000000
pop,NIC,1960,1.75011927982259000
rgdpe,NIC,1970,16796.19335937500000000
pop,NIC,1970,2.40651300000000000
rgdpe,NIC,1980,17689.63476562500000000
pop,NIC,1980,3.26551900000000000
rgdpe,NIC,1990,13909.00781250000000000
pop,NIC,1990,4.17343400000000000
rgdpe,NIC,2000,18926.46679687500000000
pop,NIC,2000,5.06930200000000000
rgdpe,NIC,2010,24807.35156250000000000
pop,NIC,2010,5.82406500000000000
rgdpe,NIC,2017,35705.48437500000000000
pop,NIC,2017,6.38484600000000000
rgdpe,NLD,1950,84312.67968750000000000
pop,NLD,1950,10.08994187290070000
rgdpe,NLD,1960,143267.93750000000000000
pop,NLD,1960,11.45921393727780000
rgdpe,NLD,1970,252807.00000000000000000
pop,NLD,1970,13.00194300000000000
rgdpe,NLD,1980,365959.50000000000000000
pop,NLD,1980,14.14841500000000000
rgdpe,NLD,1990,427072.25000000000000000
pop,NLD,1990,14.96544800000000000
rgdpe,NLD,2000,691869.62500000000000000
pop,NLD,2000,15.92618800000000000
rgdpe,NLD,2010,826027.75000000000000000
pop,NLD,2010,16.68291700000000000
rgdpe,NLD,2017,918735.93750000000000000
pop,NLD,2017,17.02134700000000000
rgdpe,NOR,1950,30761.15820312500000000
pop,NOR,1950,3.26400929400817000
rgdpe,NOR,1960,43706.76953125000000000
pop,NOR,1960,3.58001417630248000
rgdpe,NOR,1970,69848.32812500000000000
pop,NOR,1970,3.87606000000000000
rgdpe,NOR,1980,107832.13281250000000000
pop,NOR,1980,4.08607600000000000
rgdpe,NOR,1990,120817.10937500000000000
pop,NOR,1990,4.24728500000000000
rgdpe,NOR,2000,209341.21875000000000000
pop,NOR,2000,4.49936700000000000
rgdpe,NOR,2010,307002.75000000000000000
pop,NOR,2010,4.88587800000000000
rgdpe,NOR,2017,327096.31250000000000000
pop,NOR,2017,5.29632600000000000
rgdpe,NPL,1960,7582.16015625000000000
pop,NPL,1960,10.16602074138960000
rgdpe,NPL,1970,9860.08886718750000000
pop,NPL,1970,12.07462600000000000
rgdpe,NPL,1980,11470.29101562500000000
pop,NPL,1980,15.01640200000000000
rgdpe,NPL,1990,19883.14257812500000000
pop,NPL,1990,18.90547800000000000
rgdpe,NPL,2000,32081.03710937500000000
pop,NPL,2000,23.94111000000000000
rgdpe,NPL,2010,51219.86718750000000000
pop,NPL,2010,27.01321200000000000
rgdpe,NPL,2017,78512.26562500000000000
pop,NPL,2017,27.63268100000000000
rgdpe,NZL,1950,25005.65429687500000000
pop,NZL,1950,1.90178973029058000
rgdpe,NZL,1960,34867.16796875000000000
pop,NZL,1960,2.36364226681215000
rgdpe,NZL,1970,48349.80468750000000000
pop,NZL,1970,2.81838700000000000
rgdpe,NZL,1980,56794.55859375000000000
pop,NZL,1980,3.14661900000000000
rgdpe,NZL,1990,76859.65625000000000000
pop,NZL,1990,3.39817200000000000
rgdpe,NZL,2000,114914.11718750000000000
pop,NZL,2000,3.85899900000000000
rgdpe,NZL,2010,150150.45312500000000000
pop,NZL,2010,4.37006200000000000
rgdpe,NZL,2017,191922.48437500000000000
pop,NZL,2017,4.70203400000000000
rgdpe,OMN,1970,8945.79199218750000000
pop,OMN,1970,0.72385100000000000
rgdpe,OMN,1980,14561.01660156250000000
pop,OMN,1980,1.15437700000000000
rgdpe,OMN,1990,21169.83398437500000000
pop,OMN,1990,1.81216100000000000
rgdpe,OMN,2000,40384.83203125000000000
pop,OMN,2000,2.26797300000000000
rgdpe,OMN,2010,137014.54687500000000000
pop,OMN,2010,3.04143400000000000
rgdpe,OMN,2017,140839.32812500000000000
pop,OMN,2017,4.66592800000000000
rgdpe,PAK,1950,50369.57421875000000000
pop,PAK,1950,34.90705088779860000
rgdpe,PAK,1960,57448.83203125000000000
pop,PAK,1960,44.58648666471400000
rgdpe,PAK,1970,113012.57812500000000000
pop,PAK,1970,58.14206000000000000
rgdpe,PAK,1980,170792.09375000000000000
pop,PAK,1980,78.05434300000000000
rgdpe,PAK,1990,288524.75000000000000000
pop,PAK,1990,107.64792100000000000
rgdpe,PAK,2000,406746.15625000000000000
pop,PAK,2000,142.34357800000000000
rgdpe,PAK,2010,730664.81250000000000000
pop,PAK,2010,179.42464100000000000
rgdpe,PAK,2017,945173.00000000000000000
pop,PAK,2017,207.90620900000000000
rgdpe,PAN,1950,2078.01220703125000000
pop,PAN,1950,0.88565069934696600
rgdpe,PAN,1960,3390.64624023438000000
pop,PAN,1960,1.13880029710873000
rgdpe,PAN,1970,8363.12500000000000000
pop,PAN,1970,1.51928500000000000
rgdpe,PAN,1980,13250.43554687500000000
pop,PAN,1980,1.97848700000000000
rgdpe,PAN,1990,16359.10839843750000000
pop,PAN,1990,2.47094700000000000
rgdpe,PAN,2000,29381.81445312500000000
pop,PAN,2000,3.03032800000000000
rgdpe,PAN,2010,57225.24218750000000000
pop,PAN,2010,3.64268700000000000
rgdpe,PAN,2017,119260.70312500000000000
pop,PAN,2017,4.10676900000000000
rgdpe,PER,1950,17550.43750000000000000
pop,PER,1950,7.78696587366771000
rgdpe,PER,1960,28603.27148437500000000
pop,PER,1960,10.13198224055150000
rgdpe,PER,1970,52767.49218750000000000
pop,PER,1970,13.45979400000000000
rgdpe,PER,1980,76615.17187500000000000
pop,PER,1980,17.54761000000000000
rgdpe,PER,1990,81596.67187500000000000
pop,PER,1990,22.07143300000000000
rgdpe,PER,2000,139449.79687500000000000
pop,PER,2000,26.45994400000000000
rgdpe,PER,2010,297240.59375000000000000
pop,PER,2010,29.02767400000000000
rgdpe,PER,2017,382137.50000000000000000
pop,PER,2017,31.44429800000000000
rgdpe,PHL,1950,29747.15429687500000000
pop,PHL,1950,19.59851742302890000
rgdpe,PHL,1960,53759.41796875000000000
pop,PHL,1960,26.45960512688340000
rgdpe,PHL,1970,88314.65625000000000000
pop,PHL,1970,35.80359400000000000
rgdpe,PHL,1980,159210.07812500000000000
pop,PHL,1980,47.35774300000000000
rgdpe,PHL,1990,233133.34375000000000000
pop,PHL,1990,61.89516000000000000
rgdpe,PHL,2000,361070.68750000000000000
pop,PHL,2000,77.99175500000000000
rgdpe,PHL,2010,543996.93750000000000000
pop,PHL,2010,93.96678000000000000
rgdpe,PHL,2017,805991.56250000000000000
pop,PHL,2017,105.17292500000000000
rgdpe,POL,1970,188535.39062500000000000
pop,POL,1970,32.63925800000000000
rgdpe,POL,1980,240610.90625000000000000
pop,POL,1980,35.53972000000000000
rgdpe,POL,1990,335254.87500000000000000
pop,POL,1990,37.96019300000000000
rgdpe,POL,2000,563679.18750000000000000
pop,POL,2000,38.55669300000000000
rgdpe,POL,2010,904032.93750000000000000
pop,POL,2010,38.32978100000000000
rgdpe,POL,2017,1141621.00000000000000000
pop,POL,2017,37.95318000000000000
rgdpe,PRT,1950,23896.43750000000000000
pop,PRT,1950,8.07601568330404000
rgdpe,PRT,1960,39283.24609375000000000
pop,PRT,1960,8.64416607524982000
rgdpe,PRT,1970,73309.07031250000000000
pop,PRT,1970,8.65134000000000000
rgdpe,PRT,1980,108340.59375000000000000
pop,PRT,1980,9.75096400000000000
rgdpe,PRT,1990,157535.14062500000000000
pop,PRT,1990,9.89536400000000000
rgdpe,PRT,2000,259576.95312500000000000
pop,PRT,2000,10.29711200000000000
rgdpe,PRT,2010,323258.71875000000000000
pop,PRT,2010,10.59605800000000000
rgdpe,PRT,2017,332017.50000000000000000
pop,PRT,2017,10.28852700000000000
rgdpe,PRY,1960,3949.78686523438000000
pop,PRY,1960,1.90797916295096000
rgdpe,PRY,1970,6577.53759765625000000
pop,PRY,1970,2.47476300000000000
rgdpe,PRY,1980,14057.63964843750000000
pop,PRY,1980,3.18162500000000000
rgdpe,PRY,1990,20688.53125000000000000
pop,PRY,1990,4.22341500000000000
rgdpe,PRY,2000,26179.51953125000000000
pop,PRY,2000,5.32320100000000000
rgdpe,PRY,2010,63629.03906250000000000
pop,PRY,2010,6.24802000000000000
rgdpe,PRY,2017,83863.62500000000000000
pop,PRY,2017,6.86706100000000000
rgdpe,PSE,1970,1578.72375488281000000
pop,PSE,1970,1.12662900000000000
rgdpe,PSE,1980,3794.32470703125000000
pop,PSE,1980,1.51071300000000000
rgdpe,PSE,1990,5372.87744140625000000
pop,PSE,1990,2.10144600000000000
rgdpe,PSE,2000,11879.08789062500000000
pop,PSE,2000,3.22400300000000000
rgdpe,PSE,2010,17373.51367187500000000
pop,PSE,2010,4.05563100000000000
rgdpe,PSE,2017,29471.58007812500000000
pop,PSE,2017,4.74722700000000000
rgdpe,QAT,1970,10285.99609375000000000
pop,QAT,1970,0.10951400000000000
rgdpe,QAT,1980,17530.07617187500000000
pop,QAT,1980,0.22363200000000000
rgdpe,QAT,1990,13335.90722656250000000
pop,QAT,1990,0.47627800000000000
rgdpe,QAT,2000,31666.27734375000000000
pop,QAT,2000,0.59246800000000000
rgdpe,QAT,2010,240986.18750000000000000
pop,QAT,2010,1.85632700000000000
rgdpe,QAT,2017,287270.50000000000000000
pop,QAT,2017,2.72472800000000000
rgdpe,ROU,1960,28637.49414062500000000
pop,ROU,1960,18.67272454330890000
rgdpe,ROU,1970,62327.68750000000000000
pop,ROU,1970,20.54891100000000000
rgdpe,ROU,1980,154309.98437500000000000
pop,ROU,1980,22.61563900000000000
rgdpe,ROU,1990,182151.12500000000000000
pop,ROU,1990,23.48916000000000000
rgdpe,ROU,2000,181615.71875000000000000
pop,ROU,2000,22.13741900000000000
rgdpe,ROU,2010,379282.53125000000000000
pop,ROU,2010,20.47186400000000000
rgdpe,ROU,2017,509684.40625000000000000
pop,ROU,2017,19.65396900000000000
rgdpe,RUS,1990,2403880.50000000000000000
pop,RUS,1990,147.53156100000000000
rgdpe,RUS,2000,1688462.25000000000000000
pop,RUS,2000,146.40490300000000000
rgdpe,RUS,2010,3404144.50000000000000000
pop,RUS,2010,143.47927400000000000
rgdpe,RUS,2017,3907709.50000000000000000
pop,RUS,2017,145.53008200000000000
rgdpe,RWA,1960,3102.49780273438000000
pop,RWA,1960,3.02230207486004000
rgdpe,RWA,1970,3982.40551757813000000
pop,RWA,1970,3.75735800000000000
rgdpe,RWA,1980,6311.77099609375000000
pop,RWA,1980,5.15331200000000000
rgdpe,RWA,1990,8103.51416015625000000
pop,RWA,1990,7.28888200000000000
rgdpe,RWA,2000,7513.14501953125000000
pop,RWA,2000,7.93368100000000000
rgdpe,RWA,2010,15209.73828125000000000
pop,RWA,2010,10.03933800000000000
rgdpe,RWA,2017,23440.90234375000000000
pop,RWA,2017,11.98096100000000000
rgdpe,SAU,1970,119024.06250000000000000
pop,SAU,1970,5.83638900000000000
rgdpe,SAU,1980,370854.56250000000000000
pop,SAU,1980,9.69147600000000000
rgdpe,SAU,1990,295543.93750000000000000
pop,SAU,1990,16.23378500000000000
rgdpe,SAU,2000,452974.06250000000000000
pop,SAU,2000,20.66384300000000000
rgdpe,SAU,2010,1417126.00000000000000000
pop,SAU,2010,27.42146100000000000
rgdpe,SAU,2017,1613474.75000000000000000
pop,SAU,2017,33.10117900000000000
rgdpe,SDN,1970,17181.20898437500000000
pop,SDN,1970,10.28170000000000000
rgdpe,SDN,1980,30461.22460937500000000
pop,SDN,1980,14.50746800000000000
rgdpe,SDN,1990,39876.40234375000000000
pop,SDN,1990,20.14759000000000000
rgdpe,SDN,2000,58339.90234375000000000
pop,SDN,2000,27.27501500000000000
rgdpe,SDN,2010,136882.78125000000000000
pop,SDN,2010,34.54501300000000000
rgdpe,SDN,2017,169533.70312500000000000
pop,SDN,2017,40.81339700000000000
rgdpe,SEN,1960,9682.16015625000000000
pop,SEN,1960,3.22407947514040000
rgdpe,SEN,1970,10223.09960937500000000
pop,SEN,1970,4.25750500000000000
rgdpe,SEN,1980,12310.56445312500000000
pop,SEN,1980,5.58316500000000000
rgdpe,SEN,1990,20870.56445312500000000
pop,SEN,1990,7.52630700000000000
rgdpe,SEN,2000,25436.43164062500000000
pop,SEN,2000,9.79773400000000000
rgdpe,SEN,2010,37791.49218750000000000
pop,SEN,2010,12.67814800000000000
rgdpe,SEN,2017,47185.00390625000000000
pop,SEN,2017,15.41935500000000000
rgdpe,SGP,1960,4528.42285156250000000
pop,SGP,1960,1.64463493360746000
rgdpe,SGP,1970,11937.13574218750000000
pop,SGP,1970,2.07228300000000000
rgdpe,SGP,1980,30956.84960937500000000
pop,SGP,1980,2.41168800000000000
rgdpe,SGP,1990,64860.57031250000000000
pop,SGP,1990,3.01296600000000000
rgdpe,SGP,2000,166273.53125000000000000
pop,SGP,2000,4.02887100000000000
rgdpe,SGP,2010,399283.93750000000000000
pop,SGP,2010,5.13117200000000000
rgdpe,SGP,2017,488347.34375000000000000
pop,SGP,2017,5.70804100000000000
rgdpe,SLE,1970,3759.86865234375000000
pop,SLE,1970,2.74489100000000000
rgdpe,SLE,1980,4263.36669921875000000
pop,SLE,1980,3.38849500000000000
rgdpe,SLE,1990,6628.82812500000000000
pop,SLE,1990,4.31976200000000000
rgdpe,SLE,2000,4257.28076171875000000
pop,SLE,2000,4.58457100000000000
rgdpe,SLE,2010,7551.62451171875000000
pop,SLE,2010,6.41563400000000000
rgdpe,SLE,2017,12122.57226562500000000
pop,SLE,2017,7.48842300000000000
rgdpe,SLV,1950,1461.46264648438000000
pop,SLV,1950,1.97702581685594000
rgdpe,SLV,1960,2127.04956054688000000
pop,SLV,1960,2.63112497254160000
rgdpe,SLV,1970,3702.40649414063000000
pop,SLV,1970,3.67306800000000000
rgdpe,SLV,1980,5117.20068359375000000
pop,SLV,1980,4.59113400000000000
rgdpe,SLV,1990,6124.30566406250000000
pop,SLV,1990,5.27007900000000000
rgdpe,SLV,2000,14768.83886718750000000
pop,SLV,2000,5.88793600000000000
rgdpe,SLV,2010,36682.31250000000000000
pop,SLV,2010,6.18387500000000000
rgdpe,SLV,2017,51381.72656250000000000
pop,SLV,2017,6.38812600000000000
rgdpe,SRB,1990,113435.80468750000000000
pop,SRB,1990,9.51767500000000000
rgdpe,SRB,2000,60002.07031250000000000
pop,SRB,2000,7.51634600000000000
rgdpe,SRB,2010,103733.13281250000000000
pop,SRB,2010,7.29143600000000000
rgdpe,SRB,2017,112655.52343750000000000
pop,SRB,2017,7.04027200000000000
rgdpe,STP,1970,152.28282165527300000
pop,STP,1970,0.07456400000000000
rgdpe,STP,1980,250.92959594726600000
pop,STP,1980,0.09579400000000000
rgdpe,STP,1990,219.88346862793000000
pop,STP,1990,0.11920900000000000
rgdpe,STP,2000,254.03646850585900000
pop,STP,2000,0.14226200000000000
rgdpe,STP,2010,482.81878662109400000
pop,STP,2010,0.18037100000000000
rgdpe,STP,2017,794.73809814453100000
pop,STP,2017,0.20708900000000000
rgdpe,SUR,1970,1836.41906738281000000
pop,SUR,1970,0.36793100000000000
rgdpe,SUR,1980,2342.08081054688000000
pop,SUR,1980,0.35951900000000000
rgdpe,SUR,1990,2825.86279296875000000
pop,SUR,1990,0.40516800000000000
rgdpe,SUR,2000,3584.06567382813000000
pop,SUR,2000,0.47094900000000000
rgdpe,SUR,2010,7610.64794921875000000
pop,SUR,2010,0.52913100000000000
rgdpe,SUR,2017,8606.07421875000000000
pop,SUR,2017,0.57049600000000000
rgdpe,SVK,1990,99966.35156250000000000
pop,SVK,1990,5.28845400000000000
rgdpe,SVK,2000,87956.34375000000000000
pop,SVK,2000,5.39921100000000000
rgdpe,SVK,2010,154109.04687500000000000
pop,SVK,2010,5.40429400000000000
rgdpe,SVK,2017,167727.35937500000000000
pop,SVK,2017,5.44790000000000000
rgdpe,SVN,1990,42714.70703125000000000
pop,SVN,1990,2.00640500000000000
rgdpe,SVN,2000,48606.53125000000000000
pop,SVN,2000,1.98771700000000000
rgdpe,SVN,2010,64015.19921875000000000
pop,SVN,2010,2.04333700000000000
rgdpe,SVN,2017,76439.31250000000000000
pop,SVN,2017,2.07639400000000000
rgdpe,SWE,1950,76435.82812500000000000
pop,SWE,1950,7.02456891111864000
rgdpe,SWE,1960,109430.29687500000000000
pop,SWE,1960,7.49166099224046000
rgdpe,SWE,1970,171985.03125000000000000
pop,SWE,1970,8.05491600000000000
rgdpe,SWE,1980,196620.29687500000000000
pop,SWE,1980,8.31633800000000000
rgdpe,SWE,1990,257742.71875000000000000
pop,SWE,1990,8.56738400000000000
rgdpe,SWE,2000,354081.65625000000000000
pop,SWE,2000,8.88164000000000000
rgdpe,SWE,2010,438709.81250000000000000
pop,SWE,2010,9.39016800000000000
rgdpe,SWE,2017,544587.68750000000000000
pop,SWE,2017,9.90489600000000000
rgdpe,SWZ,1970,1173.82763671875000000
pop,SWZ,1970,0.43125300000000000
rgdpe,SWZ,1980,2465.66040039063000000
pop,SWZ,1980,0.58785800000000000
rgdpe,SWZ,1990,5463.30273437500000000
pop,SWZ,1990,0.82242000000000000
rgdpe,SWZ,2000,8406.40917968750000000
pop,SWZ,2000,1.00543500000000000
rgdpe,SWZ,2010,9398.92578125000000000
pop,SWZ,2010,1.06483700000000000
rgdpe,SWZ,2017,9842.72070312500000000
pop,SWZ,2017,1.12480500000000000
rgdpe,SXM,2010,1302.27185058594000000
pop,SXM,2010,0.03416800000000000
rgdpe,SXM,2017,1256.95434570313000000
pop,SXM,2017,0.04144400000000000
rgdpe,SYC,1960,260.99456787109400000
pop,SYC,1960,0.04032372730511890
rgdpe,SYC,1970,410.06524658203100000
pop,SYC,1970,0.05236800000000000
rgdpe,SYC,1980,789.63916015625000000
pop,SYC,1980,0.06624400000000000
rgdpe,SYC,1990,1224.63378906250000000
pop,SYC,1990,0.07057000000000000
rgdpe,SYC,2000,1883.25158691406000000
pop,SYC,2000,0.08099600000000000
rgdpe,SYC,2010,1906.25683593750000000
pop,SYC,2010,0.09126400000000000
rgdpe,SYC,2017,2679.09985351563000000
pop,SYC,2017,0.09641800000000000
rgdpe,SYR,1960,10138.67285156250000000
pop,SYR,1960,4.59954396864765000
rgdpe,SYR,1970,22702.13085937500000000
pop,SYR,1970,6.35054100000000000
rgdpe,SYR,1980,27687.05468750000000000
pop,SYR,1980,8.93077400000000000
rgdpe,SYR,1990,16862.73437500000000000
pop,SYR,1990,12.44617100000000000
rgdpe,SYR,2000,28175.59179687500000000
pop,SYR,2000,16.41084800000000000
rgdpe,SYR,2010,132532.95312500000000000
pop,SYR,2010,21.36252900000000000
rgdpe,SYR,2017,88025.03125000000000000
pop,SYR,2017,17.09567800000000000
rgdpe,TCA,1970,20.36377334594730000
pop,TCA,1970,0.00584100000000000
rgdpe,TCA,1980,55.98252868652340000
pop,TCA,1980,0.00788800000000000
rgdpe,TCA,1990,154.61621093750000000
pop,TCA,1990,0.01211100000000000
rgdpe,TCA,2000,373.98815917968800000
pop,TCA,2000,0.02016400000000000
rgdpe,TCA,2010,714.89440917968800000
pop,TCA,2010,0.03266000000000000
rgdpe,TCA,2017,1028.45849609375000000
pop,TCA,2017,0.03711500000000000
rgdpe,TCD,1960,4349.25585937500000000
pop,TCD,1960,2.97403811343535000
rgdpe,TCD,1970,5100.12500000000000000
pop,TCD,1970,3.64360400000000000
rgdpe,TCD,1980,4324.67138671875000000
pop,TCD,1980,4.51443000000000000
rgdpe,TCD,1990,7215.25585937500000000
pop,TCD,1990,5.96325200000000000
rgdpe,TCD,2000,8770.41796875000000000
pop,TCD,2000,8.35565400000000000
rgdpe,TCD,2010,25163.35937500000000000
pop,TCD,2010,11.95213600000000000
rgdpe,TCD,2017,23887.72265625000000000
pop,TCD,2017,15.01675300000000000
rgdpe,TGO,1960,1800.48559570313000000
pop,TGO,1960,1.56811997732671000
rgdpe,TGO,1970,3856.54687500000000000
pop,TGO,1970,2.11552200000000000
rgdpe,TGO,1980,5737.06640625000000000
pop,TGO,1980,2.72083900000000000
rgdpe,TGO,1990,6647.62597656250000000
pop,TGO,1990,3.77431200000000000
rgdpe,TGO,2000,6921.74707031250000000
pop,TGO,2000,4.92440200000000000
rgdpe,TGO,2010,8088.00390625000000000
pop,TGO,2010,6.42167900000000000
rgdpe,TGO,2017,15468.45507812500000000
pop,TGO,2017,7.69847400000000000
rgdpe,THA,1950,23258.04882812500000000
pop,THA,1950,19.93013771595810000
rgdpe,THA,1960,33234.46875000000000000
pop,THA,1960,27.35969912670680000
rgdpe,THA,1970,89951.34375000000000000
pop,THA,1970,36.88453600000000000
rgdpe,THA,1980,166001.17187500000000000
pop,THA,1980,47.37447200000000000
rgdpe,THA,1990,308367.43750000000000000
pop,THA,1990,56.55818600000000000
rgdpe,THA,2000,504829.28125000000000000
pop,THA,2000,62.95264200000000000
rgdpe,THA,2010,956814.31250000000000000
pop,THA,2010,67.19502800000000000
rgdpe,THA,2017,1171981.62500000000000000
pop,THA,2017,69.20981000000000000
rgdpe,TJK,1990,36567.23437500000000000
pop,TJK,1990,5.28381400000000000
rgdpe,TJK,2000,8149.11132812500000000
pop,TJK,2000,6.21634100000000000
rgdpe,TJK,2010,18648.17578125000000000
pop,TJK,2010,7.52739400000000000
rgdpe,TJK,2017,29651.38867187500000000
pop,TJK,2017,8.88026800000000000
rgdpe,TKM,1990,42779.56250000000000000
pop,TKM,1990,3.68396700000000000
rgdpe,TKM,2000,40300.28125000000000000
pop,TKM,2000,4.51613300000000000
rgdpe,TKM,2010,81596.99218750000000000
pop,TKM,2010,5.08721300000000000
rgdpe,TKM,2017,148462.26562500000000000
pop,TKM,2017,5.75766700000000000
rgdpe,TTO,1950,2779.40429687500000000
pop,TTO,1950,0.62562047951719100
rgdpe,TTO,1960,6552.43261718750000000
pop,TTO,1960,0.83265922980437000
rgdpe,TTO,1970,10692.18847656250000000
pop,TTO,1970,0.94536000000000000
rgdpe,TTO,1980,27492.87890625000000000
pop,TTO,1980,1.08474400000000000
rgdpe,TTO,1990,15085.66113281250000000
pop,TTO,1990,1.22111600000000000
rgdpe,TTO,2000,18303.63671875000000000
pop,TTO,2000,1.26715300000000000
rgdpe,TTO,2010,40248.55859375000000000
pop,TTO,2010,1.32814700000000000
rgdpe,TTO,2017,35088.54687500000000000
pop,TTO,2017,1.38405900000000000
rgdpe,TUN,1960,7141.67285156250000000
pop,TUN,1960,4.11318145294547000
rgdpe,TUN,1970,14021.34667968750000000
pop,TUN,1970,5.06380900000000000
rgdpe,TUN,1980,29880.33007812500000000
pop,TUN,1980,6.37403900000000000
rgdpe,TUN,1990,47990.10546875000000000
pop,TUN,1990,8.24249600000000000
rgdpe,TUN,2000,85069.47656250000000000
pop,TUN,2000,9.70835000000000000
rgdpe,TUN,2010,122858.85937500000000000
pop,TUN,2010,10.63524400000000000
rgdpe,TUN,2017,120652.82031250000000000
pop,TUN,2017,11.43344300000000000
rgdpe,TUR,1950,68814.32031250000000000
pop,TUR,1950,20.60061647275300000
rgdpe,TUR,1960,139012.00000000000000000
pop,TUR,1960,27.52106895298000000
rgdpe,TUR,1970,249780.32812500000000000
pop,TUR,1970,34.87630300000000000
rgdpe,TUR,1980,360814.43750000000000000
pop,TUR,1980,43.97597100000000000
rgdpe,TUR,1990,606270.31250000000000000
pop,TUR,1990,53.92176000000000000
rgdpe,TUR,2000,800968.31250000000000000
pop,TUR,2000,63.24019400000000000
rgdpe,TUR,2010,1402147.37500000000000000
pop,TUR,2010,72.32698800000000000
rgdpe,TUR,2017,2106730.75000000000000000
pop,TUR,2017,81.11645000000000000
rgdpe,TWN,1960,27244.97851562500000000
pop,TWN,1960,10.66770500000000000
rgdpe,TWN,1970,80415.46093750000000000
pop,TWN,1970,14.58294400000000000
rgdpe,TWN,1980,202599.42187500000000000
pop,TWN,1980,17.70453800000000000
rgdpe,TWN,1990,430917.25000000000000000
pop,TWN,1990,20.27894600000000000
rgdpe,TWN,2000,789527.25000000000000000
pop,TWN,2000,22.18453000000000000
rgdpe,TWN,2010,1007058.31250000000000000
pop,TWN,2010,23.14094800000000000
rgdpe,TWN,2017,1125149.25000000000000000
pop,TWN,2017,23.55552200000000000
rgdpe,TZA,1960,12066.44921875000000000
pop,TZA,1960,10.05798953984040000
rgdpe,TZA,1970,22856.88867187500000000
pop,TZA,1970,13.53548100000000000
rgdpe,TZA,1980,32249.87109375000000000
pop,TZA,1980,18.53825900000000000
rgdpe,TZA,1990,25741.63281250000000000
pop,TZA,1990,24.52355800000000000
rgdpe,TZA,2000,37372.23046875000000000
pop,TZA,2000,32.58318000000000000
rgdpe,TZA,2010,92945.29687500000000000
pop,TZA,2010,43.09440100000000000
rgdpe,TZA,2017,120632.53125000000000000
pop,TZA,2017,53.12604800000000000
rgdpe,UGA,1950,5010.24316406250000000
pop,UGA,1950,5.33057615564917000
rgdpe,UGA,1960,6180.35205078125000000
pop,UGA,1960,7.01043160625383000
rgdpe,UGA,1970,10670.75781250000000000
pop,UGA,1970,9.40560000000000000
rgdpe,UGA,1980,10085.41406250000000000
pop,UGA,1980,12.44233400000000000
rgdpe,UGA,1990,15281.16210937500000000
pop,UGA,1990,17.35439200000000000
rgdpe,UGA,2000,28883.91601562500000000
pop,UGA,2000,23.65017200000000000
rgdpe,UGA,2010,59635.67968750000000000
pop,UGA,2010,32.42816700000000000
rgdpe,UGA,2017,77850.26562500000000000
pop,UGA,2017,41.16658800000000000
rgdpe,UKR,1990,609908.50000000000000000
pop,UKR,1990,51.46310500000000000
rgdpe,UKR,2000,242539.82812500000000000
pop,UKR,2000,48.83806500000000000
rgdpe,UKR,2010,426395.00000000000000000
pop,UKR,2010,45.79209000000000000
rgdpe,UKR,2017,522577.84375000000000000
pop,UKR,2017,44.48770900000000000
rgdpe,URY,1950,14799.09667968750000000
pop,URY,1950,2.18349963106584000
rgdpe,URY,1960,19406.01757812500000000
pop,URY,1960,2.51854025368546000
rgdpe,URY,1970,23820.00390625000000000
pop,URY,1970,2.80979300000000000
rgdpe,URY,1980,29853.06445312500000000
pop,URY,1980,2.91538900000000000
rgdpe,URY,1990,30116.36328125000000000
pop,URY,1990,3.10960100000000000
rgdpe,URY,2000,39828.81640625000000000
pop,URY,2000,3.31973600000000000
rgdpe,URY,2010,60623.80468750000000000
pop,URY,2010,3.35927500000000000
rgdpe,URY,2017,72320.16406250000000000
pop,URY,2017,3.43664100000000000
rgdpe,USA,1950,2447945.50000000000000000
pop,USA,1950,155.58397296844000000
rgdpe,USA,1960,3489113.75000000000000000
pop,USA,1960,184.60188425863100000
rgdpe,USA,1970,5311926.50000000000000000
pop,USA,1970,209.51334100000000000
rgdpe,USA,1980,7065226.00000000000000000
pop,USA,1980,229.47635400000000000
rgdpe,USA,1990,9847675.00000000000000000
pop,USA,1990,252.12030900000000000
rgdpe,USA,2000,14110581.00000000000000000
pop,USA,2000,281.71090900000000000
rgdpe,USA,2010,16583432.00000000000000000
pop,USA,2010,309.01147500000000000
rgdpe,USA,2017,19754754.00000000000000000
pop,USA,2017,325.08475600000000000
rgdpe,UZB,1990,123369.92968750000000000
pop,UZB,1990,20.39834800000000000
rgdpe,UZB,2000,111784.88281250000000000
pop,UZB,2000,24.76995500000000000
rgdpe,UZB,2010,210124.84375000000000000
pop,UZB,2010,28.51590900000000000
rgdpe,UZB,2017,346573.34375000000000000
pop,UZB,2017,31.95978500000000000
rgdpe,VCT,1970,299.00024414062500000
pop,VCT,1970,0.09050900000000000
rgdpe,VCT,1980,391.21340942382800000
pop,VCT,1980,0.10056600000000000
rgdpe,VCT,1990,648.23742675781300000
pop,VCT,1990,0.10748400000000000
rgdpe,VCT,2000,859.24755859375000000
pop,VCT,2000,0.10778400000000000
rgdpe,VCT,2010,1168.85729980469000000
pop,VCT,2010,0.10825500000000000
rgdpe,VCT,2017,1282.67199707031000000
pop,VCT,2017,0.10982700000000000
rgdpe,VEN,1950,34148.52343750000000000
pop,VEN,1950,5.30623844313356000
rgdpe,VEN,1960,62849.48828125000000000
pop,VEN,1960,8.00488146707954000
rgdpe,VEN,1970,108860.25000000000000000
pop,VEN,1970,11.39639300000000000
rgdpe,VEN,1980,173477.93750000000000000
pop,VEN,1980,15.18261100000000000
rgdpe,VEN,1990,185169.04687500000000000
pop,VEN,1990,19.63266500000000000
rgdpe,VEN,2000,189265.10937500000000000
pop,VEN,2000,24.19244600000000000
rgdpe,VEN,2010,486814.93750000000000000
pop,VEN,2010,28.43994000000000000
rgdpe,VEN,2017,11206.93847656250000000
pop,VEN,2017,29.40248400000000000
rgdpe,VGB,1970,67.01536560058590000
pop,VGB,1970,0.00982700000000000
rgdpe,VGB,1980,100.19112396240200000
pop,VGB,1980,0.01147800000000000
rgdpe,VGB,1990,204.79159545898400000
pop,VGB,1990,0.01748900000000000
rgdpe,VGB,2000,991.57861328125000000
pop,VGB,2000,0.02031100000000000
rgdpe,VGB,2010,994.13378906250000000
pop,VGB,2010,0.02779400000000000
rgdpe,VGB,2017,1089.83044433594000000
pop,VGB,2017,0.02957700000000000
rgdpe,VNM,1970,36863.58593750000000000
pop,VNM,1970,43.40479300000000000
rgdpe,VNM,1980,53662.00390625000000000
pop,VNM,1980,54.28184600000000000
rgdpe,VNM,1990,92867.63281250000000000
pop,VNM,1990,67.98886200000000000
rgdpe,VNM,2000,179218.01562500000000000
pop,VNM,2000,79.91041200000000000
rgdpe,VNM,2010,391267.87500000000000000
pop,VNM,2010,87.96765100000000000
rgdpe,VNM,2017,653410.81250000000000000
pop,VNM,2017,94.60064800000000000
rgdpe,YEM,1990,9130.52246093750000000
pop,YEM,1990,11.70999300000000000
rgdpe,YEM,2000,21540.94726562500000000
pop,YEM,2000,17.40907200000000000
rgdpe,YEM,2010,104376.54687500000000000
pop,YEM,2010,23.15485500000000000
rgdpe,YEM,2017,38939.53125000000000000
pop,YEM,2017,27.83481900000000000
rgdpe,ZAF,1950,77844.74218750000000000
pop,ZAF,1950,13.19517098739400000
rgdpe,ZAF,1960,110312.69531250000000000
pop,ZAF,1960,16.90338386281800000
rgdpe,ZAF,1970,191212.75000000000000000
pop,ZAF,1970,22.06977600000000000
rgdpe,ZAF,1980,306956.93750000000000000
pop,ZAF,1980,28.55676900000000000
rgdpe,ZAF,1990,341375.34375000000000000
pop,ZAF,1990,36.80050900000000000
rgdpe,ZAF,2000,438940.03125000000000000
pop,ZAF,2000,44.96770800000000000
rgdpe,ZAF,2010,657708.87500000000000000
pop,ZAF,2010,51.21696400000000000
rgdpe,ZAF,2017,738072.87500000000000000
pop,ZAF,2017,57.00975600000000000
rgdpe,ZMB,1960,9143.68554687500000000
pop,ZMB,1960,3.19847700271958000
rgdpe,ZMB,1970,16054.23828125000000000
pop,ZMB,1970,4.17906700000000000
rgdpe,ZMB,1980,10032.57519531250000000
pop,ZMB,1980,5.85182500000000000
rgdpe,ZMB,1990,11380.58691406250000000
pop,ZMB,1990,8.03684500000000000
rgdpe,ZMB,2000,13513.98437500000000000
pop,ZMB,2000,10.41594400000000000
rgdpe,ZMB,2010,46988.75390625000000000
pop,ZMB,2010,13.60598400000000000
rgdpe,ZMB,2017,54565.28515625000000000
pop,ZMB,2017,16.85359900000000000
rgdpe,ZWE,1960,9562.27148437500000000
pop,ZWE,1960,3.84711241501450000
rgdpe,ZWE,1970,15517.71972656250000000
pop,ZWE,1970,5.28930300000000000
rgdpe,ZWE,1980,23582.50000000000000000
pop,ZWE,1980,7.40862400000000000
rgdpe,ZWE,1990,55114.98828125000000000
pop,ZWE,1990,10.43242100000000000
rgdpe,ZWE,2000,42878.47265625000000000
pop,ZWE,2000,11.88147700000000000
rgdpe,ZWE,2010,27993.34570312500000000
pop,ZWE,2010,12.69772300000000000
rgdpe,ZWE,2017,44672.17578125000000000
pop,ZWE,2017,14.23659500000000000
